"Χρονική σήμανση","Δήλωση Συγκατάθεσης για Συμμετοχή σε Επιστημονική Έρευνα

1. Έχω διαβάσει τις ανωτέρω αναφερόμενες πληροφορίες και συμφωνώ να συμμετέχω στη συγκεκριμένη επιστημονική έρευνα. 
 
","2.Παρακαλείσθε να συμπληρώσετε στο πλαίσιο που αντιστοιχεί στην  ηλικία σας
","3.ΦΥΛΟ","4.Επιλέξτε  το  μορφωτικό  επίπεδο  εκπαίδευσης  από  την  παρακάτω  λίστα:  
"," 5.Γνωρίζετε  αν  γίνεται  ανακύκλωση  απορριμμάτων  στην  πόλη  σας;  
"," 6. Αν  ναι,  ποιο  από  τα  παρακάτω  ανακυκλώνετε περισσότερο;  
","7.Ποια είναι η  ποσότητα ανακυκλώσιμων απορριμμάτων που αποβάλλετε εβδομαδιαία; 

","8.Πιστεύετε ότι η πόλη σας χρειάζεται περισσότερους κάδους σε περισσότερα κεντρικά και μη σημεία της πόλης σας; 
","9.Γνωρίζετε για την συχνότητα διέλευσης των απορριμματοφόρων στην πόλη/γειτονία σας; 
","10.Σε ποιο βαθμό νιώθετε ικανοποίηση για την συχνότητα διέλευσης των απορριμματοφόρων; 
","11. Πιστεύετε ότι ο Δήμος Μαραθώνος προσφέρει επαρκή υποστήριξη και πληροφόρηση για την ανακύκλωση;  ","12.Πώς θα μπορούσε ο Δήμος να σας ενθαρρύνει περισσότερο να ανακυκλώνετε;","13.Σε τι βαθμό γνωρίζετε  για τις παρακάτω δράσεις σχετικές με την ανακύκλωση του Δήμου Μαραθώνος   [Ανακύκλωση αυτοκινήτων]","13.Σε τι βαθμό γνωρίζετε  για τις παρακάτω δράσεις σχετικές με την ανακύκλωση του Δήμου Μαραθώνος   [Ανακύκλωση  ελαστικών]","13.Σε τι βαθμό γνωρίζετε  για τις παρακάτω δράσεις σχετικές με την ανακύκλωση του Δήμου Μαραθώνος   [Ανακύκλωση ορυκτελαίων]","13.Σε τι βαθμό γνωρίζετε  για τις παρακάτω δράσεις σχετικές με την ανακύκλωση του Δήμου Μαραθώνος   [Ανακύκλωση ενδυματων-υποδηματων]","13.Σε τι βαθμό γνωρίζετε  για τις παρακάτω δράσεις σχετικές με την ανακύκλωση του Δήμου Μαραθώνος   [Ανακύκλωση λαμπτήρων]","13.Σε τι βαθμό γνωρίζετε  για τις παρακάτω δράσεις σχετικές με την ανακύκλωση του Δήμου Μαραθώνος   [Ανακύκλωση μαγειρικών ελαίων]","13.Σε τι βαθμό γνωρίζετε  για τις παρακάτω δράσεις σχετικές με την ανακύκλωση του Δήμου Μαραθώνος   [Ανακύκλωση μελανοδοχείων]","13.Σε τι βαθμό γνωρίζετε  για τις παρακάτω δράσεις σχετικές με την ανακύκλωση του Δήμου Μαραθώνος   [Ανακύκλωση μπαταριών]","13.Σε τι βαθμό γνωρίζετε  για τις παρακάτω δράσεις σχετικές με την ανακύκλωση του Δήμου Μαραθώνος   [Ανακύκλωση συσκευασιων-ηλεκτ.ειδων]","13.Σε τι βαθμό γνωρίζετε  για τις παρακάτω δράσεις σχετικές με την ανακύκλωση του Δήμου Μαραθώνος   [Ανακύκλωση φαρμάκων]","14.Γνωρίζετε  για  την  οικιακή  κομποστοποίηση;  
 
","
15. Σε  ποιο  βαθμό  γνωρίζετε  την  έννοια  των  παρακάτω  όρων:   [Ανανεώσιμες πηγές ενέργειας (ΑΠΕ)]","
15. Σε  ποιο  βαθμό  γνωρίζετε  την  έννοια  των  παρακάτω  όρων:   [Χώρος Υγειονομικής Ταφής Αποβλήτων (ΧΥΤΑ)]","
15. Σε  ποιο  βαθμό  γνωρίζετε  την  έννοια  των  παρακάτω  όρων:   [Χώρος  ανεξέλεγκτης διάθεσης απορριμμάτων (ΧΑΔΑ)]","
15. Σε  ποιο  βαθμό  γνωρίζετε  την  έννοια  των  παρακάτω  όρων:   [Κυκλική Οικονομία]","
15. Σε  ποιο  βαθμό  γνωρίζετε  την  έννοια  των  παρακάτω  όρων:   [Έξυπνη Πόλη]","
15. Σε  ποιο  βαθμό  γνωρίζετε  την  έννοια  των  παρακάτω  όρων:   [Βιώσιμη Αναπτυξη]","
15. Σε  ποιο  βαθμό  γνωρίζετε  την  έννοια  των  παρακάτω  όρων:   [Πράσινα Σημεία]","
15. Σε  ποιο  βαθμό  γνωρίζετε  την  έννοια  των  παρακάτω  όρων:   [Καύση απορριμμάτων]","
16.Πόσο σημαντική θεωρείτε καθεμιά από τις παρακάτω περιπτώσεις για την διαχείριση των στερεών αποβλήτων στο πλαίσιο της κυκλικής οικονομίας: 

  [Ανακύκλωση-Επαναχρησιμοποίηση Υλικών]","
16.Πόσο σημαντική θεωρείτε καθεμιά από τις παρακάτω περιπτώσεις για την διαχείριση των στερεών αποβλήτων στο πλαίσιο της κυκλικής οικονομίας: 

  [Χρήση Ανανεώσιμων πηγών ενέργειας]","
16.Πόσο σημαντική θεωρείτε καθεμιά από τις παρακάτω περιπτώσεις για την διαχείριση των στερεών αποβλήτων στο πλαίσιο της κυκλικής οικονομίας: 

  [Διαχείριση απορριμματων απο καθε πολιτη]","
16.Πόσο σημαντική θεωρείτε καθεμιά από τις παρακάτω περιπτώσεις για την διαχείριση των στερεών αποβλήτων στο πλαίσιο της κυκλικής οικονομίας: 

  [Ενεργή συμμετοχή στις διαδικασίες του Δήμου]","
16.Πόσο σημαντική θεωρείτε καθεμιά από τις παρακάτω περιπτώσεις για την διαχείριση των στερεών αποβλήτων στο πλαίσιο της κυκλικής οικονομίας: 

  [Ενεργή συμμετοχή στις δράσεις του Δήμου]","17.Ποιες είναι κατά την γνώμη σας οι σημαντικότερες απειλές στις οποίες έρχεται η κυκλική οικονομία για να δώσει λύση:  [Κλιματική Αλλαγή]","17.Ποιες είναι κατά την γνώμη σας οι σημαντικότερες απειλές στις οποίες έρχεται η κυκλική οικονομία για να δώσει λύση:  [Υπερκατανάλωση αγαθών]","17.Ποιες είναι κατά την γνώμη σας οι σημαντικότερες απειλές στις οποίες έρχεται η κυκλική οικονομία για να δώσει λύση:  [Αύξηση Πληθυσμού]","17.Ποιες είναι κατά την γνώμη σας οι σημαντικότερες απειλές στις οποίες έρχεται η κυκλική οικονομία για να δώσει λύση:  [Αλόγιστη Χρήση πόρων]","17.Ποιες είναι κατά την γνώμη σας οι σημαντικότερες απειλές στις οποίες έρχεται η κυκλική οικονομία για να δώσει λύση:  [Κοινωνικοοικονομικές ανισοτητες]","17.Ποιες είναι κατά την γνώμη σας οι σημαντικότερες απειλές στις οποίες έρχεται η κυκλική οικονομία για να δώσει λύση:  [Πλαστικά]","17.Ποιες είναι κατά την γνώμη σας οι σημαντικότερες απειλές στις οποίες έρχεται η κυκλική οικονομία για να δώσει λύση:  [ενεργειακή ανασφάλεια]","18.Πιστεύετε  ότι  οι  συμπολίτες  σας  θα  συμμετέχουν  στις  δράσεις  της  κυκλικής οικονομίας:  
 [Επειδή είναι περιβαλλοντικά  ευσυνείδητοι]","18.Πιστεύετε  ότι  οι  συμπολίτες  σας  θα  συμμετέχουν  στις  δράσεις  της  κυκλικής οικονομίας:  
 [Είναι ζήτημα πολιτισμού και παιδείας]","18.Πιστεύετε  ότι  οι  συμπολίτες  σας  θα  συμμετέχουν  στις  δράσεις  της  κυκλικής οικονομίας:  
 [ Είναι ζήτημα αλλαγής καταναλωτικού -παραγωγικού μοντέλου]","18.Πιστεύετε  ότι  οι  συμπολίτες  σας  θα  συμμετέχουν  στις  δράσεις  της  κυκλικής οικονομίας:  
 [Θέλουν να είναι νόμιμοι]","19.Ποιες  από  τις  παρακάτω  πρακτικές  εφαρμόζετε,  ώστε  ο  Δήμος  να  βοηθηθεί στην  υιοθέτηση του μοντέλου της κυκλικής οικονομίας:  [Ξεχωρίζετε τα ανακυκλώσιμα και τα πετάτε στους μπλε κάδους?]","19.Ποιες  από  τις  παρακάτω  πρακτικές  εφαρμόζετε,  ώστε  ο  Δήμος  να  βοηθηθεί στην  υιοθέτηση του μοντέλου της κυκλικής οικονομίας:  [Κάνετε κομποστοποίηση?]","19.Ποιες  από  τις  παρακάτω  πρακτικές  εφαρμόζετε,  ώστε  ο  Δήμος  να  βοηθηθεί στην  υιοθέτηση του μοντέλου της κυκλικής οικονομίας:  [Αποθέτετε απορρίμματα σε ειδικούς χώρους συγκέντρωσης για μεταφορά τους σε χωματερές ?]","19.Ποιες  από  τις  παρακάτω  πρακτικές  εφαρμόζετε,  ώστε  ο  Δήμος  να  βοηθηθεί στην  υιοθέτηση του μοντέλου της κυκλικής οικονομίας:  [Αγοράζετε προιόντα που περιέχονται σε συσκευασίες απο ανακυκλώσιμα υλικά?]","19.Ποιες  από  τις  παρακάτω  πρακτικές  εφαρμόζετε,  ώστε  ο  Δήμος  να  βοηθηθεί στην  υιοθέτηση του μοντέλου της κυκλικής οικονομίας:  [Αγοράζετε βιολογικά προιόντα?]","20.Ποιος κατά την γνώμη σας είναι ο πιο κατάλληλος τρόπος ενημέρωσης από τον Δήμο σας σε θέματα διαχείρισης αποβλήτων: 
","21.Πιστεύτε πως η εμπλοκή κοινωνικών φορέων στη διαχείριση των στερεών αποβλήτων θα είχε θετικό αποτέλεσμα; 
","22.Θα επιθυμούσατε να συμμετέχετε σε ένα πρόγραμμα συλλογής διαφορετικών αποβλήτων ","23.Είναι γνωστό ότι βάσει των τετραγωνικών μέτρων του σπιτιού ή της επιχείρησής σας καταβάλλονται τα δημοτικά τέλη καθαριότητας. Θα προτιμούσατε η χρέωση αυτή να υπολογιστεί με βάση την ποσότητα των απορριμμάτων που παράγετε; 
 
","24.θα θέλατε να υπάρχει ένα ηλεκτρονικό σύστημα που να ελέγχει τα απορρίμματα που αποθέτετε σε συγκεκριμένους κάδους ανακύκλωσης  έξω από την οικία σας και να επιβραβεύεστε με μείωση δημοτικών τελών?
","25.Τι θα μπορούσε να γίνει για να ενισχυθεί η συμμετοχή των πολιτών στην ανακύκλωση και την κυκλική οικονομία; (Ανοικτή ερώτηση)
"
"2025/09/14 9:11:06 π.μ. EEST","ΝΑΙ","55-70","ΘΗΛΥΚΟ","Μεταπτυχιακές Σπουδές","ΟΧΙ","ΑΛΟΥΜΙΝΙΑ","Πολλές μαύρες σακούλες ανακυκλώσιμων απορριμμάτων (των 50 λίτρων η καθεμία)","ΝΑΙ","Κάθε δύο μέρες","ΑΡΚΕΤΑ","ΟΧΙ","ΜΕΣΩ ΣΥΝΕΧΩΝ ΔΡΑΣΕΩΝ","ΛΙΓΟ","ΛΙΓΟ","ΛΙΓΟ","ΛΙΓΟ","ΛΙΓΟ","ΛΙΓΟ","ΛΙΓΟ","ΛΙΓΟ","ΛΙΓΟ","ΛΙΓΟ","ΝΑΙ","ΛΙΓΟ","ΛΙΓΟ","ΛΙΓΟ","ΛΙΓΟ","ΛΙΓΟ","ΛΙΓΟ","ΛΙΓΟ","ΛΙΓΟ","ΠΑΡΑ ΠΟΛΥ","ΠΑΡΑ ΠΟΛΥ","ΠΑΡΑ ΠΟΛΥ","ΠΑΡΑ ΠΟΛΥ","ΠΑΡΑ ΠΟΛΥ","ΠΑΡΑ ΠΟΛΥ","ΠΑΡΑ ΠΟΛΥ","ΠΑΡΑ ΠΟΛΥ","ΠΑΡΑ ΠΟΛΥ","ΠΑΡΑ ΠΟΛΥ","ΠΑΡΑ ΠΟΛΥ","ΠΑΡΑ ΠΟΛΥ","ΠΟΛΥ","ΠΟΛΥ","ΠΟΛΥ","ΠΟΛΥ","ΠΟΛΥ","ΠΟΛΥ","ΠΟΛΥ","ΠΟΛΥ","ΠΟΛΥ","Μέσω ιστοσελίδας του Δήμου","ΝΑΙ","ΝΑΙ","ΝΑΙ","ΝΑΙ","ΚΑΛΥΤΕΡΗ ΔΙΑΧΕΙΡΙΣΗ ΑΠΟΒΛΗΤΩΝ"
"2025/09/15 1:48:04 μ.μ. EEST","ΝΑΙ","55-70","ΘΗΛΥΚΟ","Μεταπτυχιακές Σπουδές","ΝΑΙ","ΑΛΟΥΜΙΝΙΑ","Μία μαύρη σακούλα ανακυκλώσιμων απορριμμάτων (των 50 λίτρων)","ΝΑΙ","Μια φορά την εβδομάδα εκτός Σαββατοκύριακου","ΚΑΘΟΛΟΥ","ΟΧΙ","KALYTERH ENHMERVSH","ΛΙΓΟ","ΑΡΚΕΤΑ","ΠΟΛΥ","ΠΟΛΥ","ΑΡΚΕΤΑ","ΛΙΓΟ","ΑΡΚΕΤΑ","ΑΡΚΕΤΑ","ΑΡΚΕΤΑ","ΑΡΚΕΤΑ","ΟΧΙ","ΠΑΡΑ ΠΟΛΥ","ΠΑΡΑ ΠΟΛΥ","ΠΟΛΥ","ΠΟΛΥ","ΑΡΚΕΤΑ","ΑΡΚΕΤΑ","ΑΡΚΕΤΑ","ΑΡΚΕΤΑ","ΠΑΡΑ ΠΟΛΥ","ΠΟΛΥ","ΑΡΚΕΤΑ","ΑΡΚΕΤΑ","ΑΡΚΕΤΑ","ΠΑΡΑ ΠΟΛΥ","ΠΑΡΑ ΠΟΛΥ","ΠΑΡΑ ΠΟΛΥ","ΠΑΡΑ ΠΟΛΥ","ΠΑΡΑ ΠΟΛΥ","ΠΑΡΑ ΠΟΛΥ","ΠΑΡΑ ΠΟΛΥ","ΠΑΡΑ ΠΟΛΥ","ΠΑΡΑ ΠΟΛΥ","ΠΑΡΑ ΠΟΛΥ","ΠΑΡΑ ΠΟΛΥ","ΠΑΡΑ ΠΟΛΥ","ΠΑΡΑ ΠΟΛΥ","ΠΑΡΑ ΠΟΛΥ","ΠΑΡΑ ΠΟΛΥ","ΠΑΡΑ ΠΟΛΥ","Μέσω ενημερωτικών φυλλαδίων","ΝΑΙ","ΝΑΙ","ΝΑΙ","ΝΑΙ","KALYTERH ENHMERVSH"
"2025/09/15 2:05:37 μ.μ. EEST","ΝΑΙ","55-70","ΘΗΛΥΚΟ","Μεταπτυχιακές Σπουδές","ΝΑΙ","ΠΛΑΣΤΙΚΑ","Λιγότερο από 1 μαύρη σακούλα ανακυκλώσιμων απορριμμάτων (των 50λίτρων)","ΝΑΙ","Καθε μέρα","ΑΡΚΕΤΑ","ΟΧΙ","ΑΡΧΙΚΑ ΜΕ ΤΗΝ ΠΡΟΣΘΗΚΗ ΚΑΔΩΝ ΑΝΑΚΥΚΛΩΣΗΣ ΣΕ ΠΕΡΙΣΣΟΤΕΡΑ ΣΗΜΕΙΑ ΚΑΙ ΜΕ ΑΝΑΛΟΓΗ ΕΝΗΜΕΡΩΣΗ ΚΑΙ ΠΡΟΩΘΗΤΙΚΕΣ ΕΝΕΡΓΕΙΕΣ ΕΠΙΒΡΑΒΕΥΣΕΙΣ ΚΛΠ","ΚΑΘΟΛΟΥ","ΚΑΘΟΛΟΥ","ΚΑΘΟΛΟΥ","ΑΡΚΕΤΑ","ΑΡΚΕΤΑ","ΑΡΚΕΤΑ","ΚΑΘΟΛΟΥ","ΑΡΚΕΤΑ","ΚΑΘΟΛΟΥ","ΚΑΘΟΛΟΥ","ΝΑΙ","ΑΡΚΕΤΑ","ΑΡΚΕΤΑ","ΑΡΚΕΤΑ","ΑΡΚΕΤΑ","ΑΡΚΕΤΑ","ΑΡΚΕΤΑ","ΑΡΚΕΤΑ","ΑΡΚΕΤΑ","ΑΡΚΕΤΑ","ΑΡΚΕΤΑ","ΑΡΚΕΤΑ","ΑΡΚΕΤΑ","ΑΡΚΕΤΑ","ΑΡΚΕΤΑ","ΑΡΚΕΤΑ","ΛΙΓΟ","ΑΡΚΕΤΑ","ΛΙΓΟ","ΑΡΚΕΤΑ","ΛΙΓΟ","ΛΙΓΟ","ΑΡΚΕΤΑ","ΑΡΚΕΤΑ","ΑΡΚΕΤΑ","ΑΡΚΕΤΑ","ΠΟΛΥ ΛΙΓΟ","ΠΟΛΥ ΛΙΓΟ","ΑΡΚΕΤΑ","ΛΙΓΟ","Μέσω ενημερωτικών φυλλαδίων","ΝΑΙ","ΝΑΙ","ΝΑΙ","ΝΑΙ","ΚΑΛΥΤΕΡΗ ΕΝΗΜΕΡΩΣΗ, ΣΥΛΛΟΓΙΚΕΣ ΔΡΑΣΕΙΣ , ΕΠΙΒΡΑΒΕΥΣΕΙΣ"
"2025/09/15 2:38:03 μ.μ. EEST","ΝΑΙ","47-54","ΘΗΛΥΚΟ","Απόφοιτος ΑΕΙ/ΤΕΙ","ΟΧΙ","","Πολλές μαύρες σακούλες ανακυκλώσιμων απορριμμάτων (των 50 λίτρων η καθεμία)","ΝΑΙ","Δύο φορές την ημέρα","ΑΡΚΕΤΑ","ΟΧΙ","Με δράσεις στα σχολεία ","ΚΑΘΟΛΟΥ","ΚΑΘΟΛΟΥ","ΚΑΘΟΛΟΥ","ΚΑΘΟΛΟΥ","ΚΑΘΟΛΟΥ","ΚΑΘΟΛΟΥ","ΚΑΘΟΛΟΥ","ΚΑΘΟΛΟΥ","ΚΑΘΟΛΟΥ","ΚΑΘΟΛΟΥ","ΝΑΙ","ΑΡΚΕΤΑ","ΑΡΚΕΤΑ","ΚΑΘΟΛΟΥ","ΛΙΓΟ","ΛΙΓΟ","ΛΙΓΟ","ΛΙΓΟ","ΛΙΓΟ","ΑΡΚΕΤΑ","ΠΟΛΥ","ΠΟΛΥ","ΠΟΛΥ","ΑΡΚΕΤΑ","ΠΟΛΥ","ΑΡΚΕΤΑ","ΑΡΚΕΤΑ","ΠΟΛΥ","ΠΟΛΥ","ΑΡΚΕΤΑ","ΑΡΚΕΤΑ","ΑΡΚΕΤΑ","ΠΟΛΥ","ΠΟΛΥ","ΠΟΛΥ","ΠΟΛΥ","ΛΙΓΟ","ΛΙΓΟ","ΑΡΚΕΤΑ","ΛΙΓΟ","Μέσω ενημερωτικών φυλλαδίων","ΟΧΙ","ΟΧΙ","ΟΧΙ","ΝΑΙ",""
"2025/09/15 2:40:14 μ.μ. EEST","ΝΑΙ","47-54","ΘΗΛΥΚΟ","Απόφοιτος ΑΕΙ/ΤΕΙ","ΟΧΙ","","Μία μαύρη σακούλα ανακυκλώσιμων απορριμμάτων (των 50 λίτρων)","ΝΑΙ","Κάθε δύο μέρες","ΚΑΘΟΛΟΥ","","","ΚΑΘΟΛΟΥ","ΚΑΘΟΛΟΥ","ΚΑΘΟΛΟΥ","ΚΑΘΟΛΟΥ","ΚΑΘΟΛΟΥ","ΚΑΘΟΛΟΥ","ΚΑΘΟΛΟΥ","ΚΑΘΟΛΟΥ","ΚΑΘΟΛΟΥ","ΚΑΘΟΛΟΥ","ΝΑΙ","ΠΟΛΥ","ΠΟΛΥ","ΠΟΛΥ","ΑΡΚΕΤΑ","ΠΑΡΑ ΠΟΛΥ","ΠΟΛΥ","ΠΟΛΥ","ΠΟΛΥ","ΠΑΡΑ ΠΟΛΥ","ΠΑΡΑ ΠΟΛΥ","ΠΑΡΑ ΠΟΛΥ","ΠΑΡΑ ΠΟΛΥ","ΠΑΡΑ ΠΟΛΥ","ΠΟΛΥ","ΠΟΛΥ","ΑΡΚΕΤΑ","ΑΡΚΕΤΑ","ΠΟΛΥ","ΠΑΡΑ ΠΟΛΥ","ΠΟΛΥ","ΠΟΛΥ","ΠΟΛΥ","ΑΡΚΕΤΑ","ΛΙΓΟ","ΠΑΡΑ ΠΟΛΥ","ΠΟΛΥ","ΠΑΡΑ ΠΟΛΥ","ΠΟΛΥ","ΠΟΛΥ","Διοργάνωση βιωματικών δράσεων Δήμου - Συλλόγων","ΝΑΙ","ΝΑΙ","ΝΑΙ","ΝΑΙ",""
"2025/09/15 2:45:01 μ.μ. EEST","ΝΑΙ","55-70","ΘΗΛΥΚΟ","Απόφοιτος ΑΕΙ/ΤΕΙ","ΝΑΙ","ΓΥΑΛΙΝΑ ΜΠΟΥΚΑΛΙΑ","Μία μαύρη σακούλα ανακυκλώσιμων απορριμμάτων (των 50 λίτρων)","ΝΑΙ","Δεν γνωρίζω","ΚΑΘΟΛΟΥ","ΟΧΙ","Με καμπάνιες ευαισθητοποίησης","ΑΡΚΕΤΑ","ΑΡΚΕΤΑ","ΑΡΚΕΤΑ","ΑΡΚΕΤΑ","ΑΡΚΕΤΑ","ΑΡΚΕΤΑ","ΑΡΚΕΤΑ","ΑΡΚΕΤΑ","ΑΡΚΕΤΑ","ΑΡΚΕΤΑ","ΝΑΙ","ΠΟΛΥ","ΑΡΚΕΤΑ","ΠΟΛΥ","ΠΟΛΥ","ΠΟΛΥ","ΠΟΛΥ","ΠΟΛΥ","ΠΟΛΥ","ΠΟΛΥ","ΠΟΛΥ","ΠΟΛΥ","ΠΟΛΥ","ΠΟΛΥ","ΠΟΛΥ","ΠΟΛΥ","ΠΟΛΥ","ΠΟΛΥ","ΠΟΛΥ","ΠΟΛΥ","ΠΟΛΥ","ΠΟΛΥ","ΠΟΛΥ","ΠΟΛΥ","ΠΟΛΥ","ΠΟΛΥ","ΠΟΛΥ","ΠΟΛΥ","ΠΟΛΥ","ΠΟΛΥ","Μέσω ενημερωτικών ημερίδων/σεμιναριών","ΝΑΙ","ΟΧΙ","ΝΑΙ","ΝΑΙ","Καμπάνιες ευαισθητοποίησης"
"2025/09/15 3:10:14 μ.μ. EEST","ΝΑΙ","43-46","ΘΗΛΥΚΟ","Μεταπτυχιακές Σπουδές","ΝΑΙ","ΠΛΑΣΤΙΚΑ","Μία μαύρη σακούλα ανακυκλώσιμων απορριμμάτων (των 50 λίτρων)","ΝΑΙ","Μια φορά την εβδομάδα εκτός Σαββατοκύριακου","ΚΑΘΟΛΟΥ","","","ΛΙΓΟ","ΛΙΓΟ","ΛΙΓΟ","ΛΙΓΟ","ΛΙΓΟ","ΛΙΓΟ","ΛΙΓΟ","ΛΙΓΟ","ΛΙΓΟ","ΛΙΓΟ","ΝΑΙ","ΠΟΛΥ","ΠΟΛΥ","ΠΟΛΥ","ΑΡΚΕΤΑ","ΠΑΡΑ ΠΟΛΥ","ΑΡΚΕΤΑ","ΠΟΛΥ","ΛΙΓΟ","ΠΑΡΑ ΠΟΛΥ","ΠΑΡΑ ΠΟΛΥ","ΑΡΚΕΤΑ","ΠΟΛΥ","ΑΡΚΕΤΑ","ΠΑΡΑ ΠΟΛΥ","ΑΡΚΕΤΑ","ΑΡΚΕΤΑ","ΑΡΚΕΤΑ","ΠΑΡΑ ΠΟΛΥ","ΠΑΡΑ ΠΟΛΥ","ΠΑΡΑ ΠΟΛΥ","ΑΡΚΕΤΑ","ΛΙΓΟ","ΑΡΚΕΤΑ","ΠΟΛΥ","ΠΟΛΥ","ΠΟΛΥ","ΠΟΛΥ","ΛΙΓΟ","ΠΟΛΥ","Μέσω ιστοσελίδας του Δήμου","ΝΑΙ","ΟΧΙ","ΟΧΙ","ΝΑΙ",""
"2025/09/15 3:15:10 μ.μ. EEST","ΝΑΙ","55-70","ΘΗΛΥΚΟ","Απόφοιτος ΑΕΙ/ΤΕΙ","ΟΧΙ","","Μία μαύρη σακούλα ανακυκλώσιμων απορριμμάτων (των 50 λίτρων)","ΝΑΙ","Δεν γνωρίζω","ΚΑΘΟΛΟΥ","ΟΧΙ","Να δώσει κίνητρα.","ΚΑΘΟΛΟΥ","ΚΑΘΟΛΟΥ","ΚΑΘΟΛΟΥ","ΚΑΘΟΛΟΥ","ΚΑΘΟΛΟΥ","ΚΑΘΟΛΟΥ","ΚΑΘΟΛΟΥ","ΚΑΘΟΛΟΥ","ΚΑΘΟΛΟΥ","ΚΑΘΟΛΟΥ","ΝΑΙ","ΠΟΛΥ","ΠΟΛΥ","ΑΡΚΕΤΑ","ΑΡΚΕΤΑ","ΠΟΛΥ","ΠΟΛΥ","ΠΟΛΥ","ΠΑΡΑ ΠΟΛΥ","ΠΑΡΑ ΠΟΛΥ","ΠΑΡΑ ΠΟΛΥ","ΠΑΡΑ ΠΟΛΥ","ΠΑΡΑ ΠΟΛΥ","ΠΑΡΑ ΠΟΛΥ","ΠΑΡΑ ΠΟΛΥ","ΠΑΡΑ ΠΟΛΥ","ΚΑΘΟΛΟΥ","ΠΑΡΑ ΠΟΛΥ","ΠΑΡΑ ΠΟΛΥ","ΠΑΡΑ ΠΟΛΥ","ΠΑΡΑ ΠΟΛΥ","ΛΙΓΟ","ΠΑΡΑ ΠΟΛΥ","ΠΟΛΥ","ΚΑΘΟΛΟΥ","ΠΑΡΑ ΠΟΛΥ","ΚΑΘΟΛΟΥ","ΠΑΡΑ ΠΟΛΥ","ΠΟΛΥ ΛΙΓΟ","ΑΡΚΕΤΑ","Διοργάνωση βιωματικών δράσεων Δήμου - Συλλόγων","ΝΑΙ","ΝΑΙ","ΟΧΙ","ΟΧΙ","Επισκέψεις σε σχολεία."
"2025/09/15 3:21:28 μ.μ. EEST","ΝΑΙ","21-26","ΑΡΣΕΝΙΚΟ","Απόφοιτος ΑΕΙ/ΤΕΙ","ΝΑΙ","ΠΛΑΣΤΙΚΑ","Μία μαύρη σακούλα ανακυκλώσιμων απορριμμάτων (των 50 λίτρων)","ΝΑΙ","Δεν γνωρίζω","ΠΟΛΥ","ΝΑΙ","","ΛΙΓΟ","ΛΙΓΟ","ΛΙΓΟ","ΠΟΛΥ","ΠΟΛΥ","ΛΙΓΟ","ΛΙΓΟ","ΠΟΛΥ","ΠΟΛΥ","ΑΡΚΕΤΑ","ΟΧΙ","ΠΑΡΑ ΠΟΛΥ","ΠΑΡΑ ΠΟΛΥ","ΠΑΡΑ ΠΟΛΥ","ΠΑΡΑ ΠΟΛΥ","ΠΑΡΑ ΠΟΛΥ","ΠΑΡΑ ΠΟΛΥ","ΠΑΡΑ ΠΟΛΥ","ΠΑΡΑ ΠΟΛΥ","ΠΑΡΑ ΠΟΛΥ","ΠΑΡΑ ΠΟΛΥ","ΠΑΡΑ ΠΟΛΥ","ΠΑΡΑ ΠΟΛΥ","ΠΑΡΑ ΠΟΛΥ","ΠΑΡΑ ΠΟΛΥ","ΠΑΡΑ ΠΟΛΥ","ΛΙΓΟ","ΠΑΡΑ ΠΟΛΥ","ΛΙΓΟ","ΠΟΛΥ","ΠΟΛΥ","ΛΙΓΟ","ΠΑΡΑ ΠΟΛΥ","ΠΑΡΑ ΠΟΛΥ","ΠΟΛΥ","ΠΑΡΑ ΠΟΛΥ","ΛΙΓΟ","ΛΙΓΟ","ΠΑΡΑ ΠΟΛΥ","ΠΑΡΑ ΠΟΛΥ","Μέσω ενημερωτικών ημερίδων/σεμιναριών","ΝΑΙ","ΟΧΙ","ΝΑΙ","ΝΑΙ",""
"2025/09/15 3:31:49 μ.μ. EEST","ΝΑΙ","39-42","ΘΗΛΥΚΟ","Μεταπτυχιακές Σπουδές","ΝΑΙ","ΠΛΑΣΤΙΚΑ","Πολλές μαύρες σακούλες ανακυκλώσιμων απορριμμάτων (των 50 λίτρων η καθεμία)","ΟΧΙ","Καθε μέρα","ΑΡΚΕΤΑ","ΝΑΙ","Συνεχή επικοινωνία για τα οφέλη της ανακύκλωσης μεταξύ πολιτών και εκάστοτε δημοτικής αρχής και περιφέρειας .","ΛΙΓΟ","ΛΙΓΟ","ΛΙΓΟ","ΛΙΓΟ","ΛΙΓΟ","ΛΙΓΟ","ΛΙΓΟ","ΛΙΓΟ","ΛΙΓΟ","ΛΙΓΟ","ΝΑΙ","ΠΑΡΑ ΠΟΛΥ","ΠΑΡΑ ΠΟΛΥ","ΠΑΡΑ ΠΟΛΥ","ΠΑΡΑ ΠΟΛΥ","ΠΑΡΑ ΠΟΛΥ","ΠΑΡΑ ΠΟΛΥ","ΠΑΡΑ ΠΟΛΥ","ΠΑΡΑ ΠΟΛΥ","ΠΑΡΑ ΠΟΛΥ","ΠΑΡΑ ΠΟΛΥ","ΠΑΡΑ ΠΟΛΥ","ΠΑΡΑ ΠΟΛΥ","ΠΑΡΑ ΠΟΛΥ","ΑΡΚΕΤΑ","ΠΟΛΥ","ΠΟΛΥ","ΠΑΡΑ ΠΟΛΥ","ΑΡΚΕΤΑ","ΑΡΚΕΤΑ","ΠΑΡΑ ΠΟΛΥ","ΑΡΚΕΤΑ","ΠΑΡΑ ΠΟΛΥ","ΑΡΚΕΤΑ","ΠΟΛΥ","ΠΟΛΥ","ΑΡΚΕΤΑ","ΛΙΓΟ","ΑΡΚΕΤΑ","ΚΑΘΟΛΟΥ","Μέσω ενημερωτικών ημερίδων/σεμιναριών","ΝΑΙ","ΝΑΙ","ΝΑΙ","ΝΑΙ","Συνέχεια Ενημέρωση από όλους Τους φορείς  τα άλφα και το ωμέγα "
"2025/09/15 3:35:34 μ.μ. EEST","ΝΑΙ","21-26","ΘΗΛΥΚΟ","Απόφοιτος ΑΕΙ/ΤΕΙ","ΝΑΙ","ΑΛΟΥΜΙΝΙΑ","Πολλές μαύρες σακούλες ανακυκλώσιμων απορριμμάτων (των 50 λίτρων η καθεμία)","ΝΑΙ","Καθε μέρα","ΠΑΡΑ ΠΟΛΥ","ΝΑΙ","Διαφημίσεις ","ΚΑΘΟΛΟΥ","ΛΙΓΟ","ΛΙΓΟ","ΠΑΡΑ ΠΟΛΥ","ΠΑΡΑ ΠΟΛΥ","ΠΑΡΑ ΠΟΛΥ","ΑΡΚΕΤΑ","ΠΑΡΑ ΠΟΛΥ","ΠΑΡΑ ΠΟΛΥ","ΛΙΓΟ","ΟΧΙ","ΑΡΚΕΤΑ","ΠΟΛΥ","ΚΑΘΟΛΟΥ","ΛΙΓΟ","ΠΟΛΥ","ΠΟΛΥ","ΠΟΛΥ","ΠΟΛΥ","ΠΑΡΑ ΠΟΛΥ","ΠΑΡΑ ΠΟΛΥ","ΠΑΡΑ ΠΟΛΥ","ΠΑΡΑ ΠΟΛΥ","ΠΑΡΑ ΠΟΛΥ","ΠΟΛΥ","ΠΟΛΥ","ΠΟΛΥ","ΠΑΡΑ ΠΟΛΥ","ΑΡΚΕΤΑ","ΠΑΡΑ ΠΟΛΥ","ΑΡΚΕΤΑ","ΠΑΡΑ ΠΟΛΥ","ΑΡΚΕΤΑ","ΑΡΚΕΤΑ","ΑΡΚΕΤΑ","ΠΑΡΑ ΠΟΛΥ","ΠΟΛΥ","ΠΑΡΑ ΠΟΛΥ","ΠΑΡΑ ΠΟΛΥ","ΠΟΛΥ","Μέσω ενημερωτικών φυλλαδίων","ΝΑΙ","ΝΑΙ","ΝΑΙ","ΝΑΙ","Επιβράβευση και επιστροφή χρημάτων με κάθε ικανή ποσότητα ανακυκλώσιμων ειδών που συλλέγει το νοικοκυριό "
"2025/09/15 4:41:22 μ.μ. EEST","ΝΑΙ","43-46","ΑΡΣΕΝΙΚΟ","Μεταπτυχιακές Σπουδές","ΝΑΙ","ΠΛΑΣΤΙΚΑ","Λιγότερο από 1 μαύρη σακούλα ανακυκλώσιμων απορριμμάτων (των 50λίτρων)","ΝΑΙ","Δεν γνωρίζω","ΛΙΓΟ","ΟΧΙ","","ΠΟΛΥ","ΛΙΓΟ","ΛΙΓΟ","ΛΙΓΟ","ΑΡΚΕΤΑ","ΛΙΓΟ","ΛΙΓΟ","ΑΡΚΕΤΑ","ΑΡΚΕΤΑ","ΛΙΓΟ","ΟΧΙ","ΠΑΡΑ ΠΟΛΥ","ΠΑΡΑ ΠΟΛΥ","ΠΑΡΑ ΠΟΛΥ","ΠΟΛΥ","ΠΟΛΥ","ΠΟΛΥ","ΑΡΚΕΤΑ","ΠΟΛΥ","ΑΡΚΕΤΑ","ΑΡΚΕΤΑ","ΠΑΡΑ ΠΟΛΥ","ΠΟΛΥ","ΛΙΓΟ","ΠΟΛΥ","ΠΑΡΑ ΠΟΛΥ","ΠΟΛΥ","ΠΑΡΑ ΠΟΛΥ","ΠΑΡΑ ΠΟΛΥ","ΠΟΛΥ","ΠΟΛΥ","ΛΙΓΟ","ΛΙΓΟ","ΛΙΓΟ","ΛΙΓΟ","ΛΙΓΟ","ΚΑΘΟΛΟΥ","ΠΟΛΥ ΛΙΓΟ","ΠΟΛΥ ΛΙΓΟ","ΠΟΛΥ ΛΙΓΟ","Μέσω ενημερωτικών ημερίδων/σεμιναριών","ΝΑΙ","ΟΧΙ","ΝΑΙ","ΝΑΙ","Άμεση ωφέλεια σε αυτόν που ανακυκλώνει, οπως μειωμένα τέλη, επιστροφή χρημάτων κτλπ
Πρόστιμο σε αυτών που ρυπαίνει!!!"
"2025/09/15 5:48:07 μ.μ. EEST","ΝΑΙ","55-70","ΘΗΛΥΚΟ","Απόφοιτος ΑΕΙ/ΤΕΙ","ΝΑΙ","ΠΛΑΣΤΙΚΑ","Μία μαύρη σακούλα ανακυκλώσιμων απορριμμάτων (των 50 λίτρων)","ΝΑΙ","Δεν γνωρίζω","ΛΙΓΟ","ΝΑΙ","Με περισσότερες καμπάνιες ","ΑΡΚΕΤΑ","ΑΡΚΕΤΑ","ΑΡΚΕΤΑ","ΠΑΡΑ ΠΟΛΥ","ΠΑΡΑ ΠΟΛΥ","ΠΟΛΥ","ΑΡΚΕΤΑ","ΠΑΡΑ ΠΟΛΥ","ΠΑΡΑ ΠΟΛΥ","ΠΟΛΥ","ΝΑΙ","ΠΑΡΑ ΠΟΛΥ","ΠΑΡΑ ΠΟΛΥ","ΠΑΡΑ ΠΟΛΥ","ΑΡΚΕΤΑ","ΠΑΡΑ ΠΟΛΥ","ΑΡΚΕΤΑ","ΠΟΛΥ","ΠΑΡΑ ΠΟΛΥ","ΠΑΡΑ ΠΟΛΥ","ΠΑΡΑ ΠΟΛΥ","ΠΑΡΑ ΠΟΛΥ","ΠΑΡΑ ΠΟΛΥ","ΠΑΡΑ ΠΟΛΥ","ΠΑΡΑ ΠΟΛΥ","ΠΑΡΑ ΠΟΛΥ","ΠΟΛΥ","ΠΑΡΑ ΠΟΛΥ","ΠΟΛΥ","ΠΟΛΥ","ΠΟΛΥ","ΠΟΛΥ","ΑΡΚΕΤΑ","ΑΡΚΕΤΑ","ΑΡΚΕΤΑ","ΠΟΛΥ","ΑΡΚΕΤΑ","ΑΡΚΕΤΑ","ΑΡΚΕΤΑ","ΑΡΚΕΤΑ","Μέσω ενημερωτικών ημερίδων/σεμιναριών","ΝΑΙ","ΝΑΙ","ΝΑΙ","ΝΑΙ","Ειλικρινά δεν γνωρίζω. Το σημαντικό είναι να σταματήσει η ανεξελεγκτη ριψη κλαδεματων και ογκωδων αντικειμενων δίπλα στους καδους και μετά να παμε πιο κάτω "
"2025/09/15 6:18:56 μ.μ. EEST","ΝΑΙ","47-54","ΘΗΛΥΚΟ","Μεταπτυχιακές Σπουδές","ΝΑΙ","ΠΛΑΣΤΙΚΑ","Μία μαύρη σακούλα ανακυκλώσιμων απορριμμάτων (των 50 λίτρων)","ΝΑΙ","Μια φορά την εβδομάδα εκτός Σαββατοκύριακου","ΑΡΚΕΤΑ","ΟΧΙ","","ΚΑΘΟΛΟΥ","ΚΑΘΟΛΟΥ","ΚΑΘΟΛΟΥ","ΚΑΘΟΛΟΥ","ΚΑΘΟΛΟΥ","ΚΑΘΟΛΟΥ","ΚΑΘΟΛΟΥ","ΚΑΘΟΛΟΥ","ΚΑΘΟΛΟΥ","ΚΑΘΟΛΟΥ","ΝΑΙ","ΠΑΡΑ ΠΟΛΥ","ΠΑΡΑ ΠΟΛΥ","ΠΑΡΑ ΠΟΛΥ","ΠΟΛΥ","ΠΑΡΑ ΠΟΛΥ","ΠΑΡΑ ΠΟΛΥ","ΠΑΡΑ ΠΟΛΥ","ΠΑΡΑ ΠΟΛΥ","ΠΑΡΑ ΠΟΛΥ","ΠΑΡΑ ΠΟΛΥ","ΠΑΡΑ ΠΟΛΥ","ΠΑΡΑ ΠΟΛΥ","ΠΑΡΑ ΠΟΛΥ","ΠΟΛΥ","ΠΑΡΑ ΠΟΛΥ","ΑΡΚΕΤΑ","ΠΑΡΑ ΠΟΛΥ","ΠΟΛΥ","ΠΟΛΥ","ΑΡΚΕΤΑ","ΠΟΛΥ","ΠΟΛΥ","ΠΟΛΥ","ΠΑΡΑ ΠΟΛΥ","ΑΡΚΕΤΑ","ΠΟΛΥ ΛΙΓΟ","ΑΡΚΕΤΑ","ΑΡΚΕΤΑ","ΛΙΓΟ","Μέσω ενημερωτικών ημερίδων/σεμιναριών","ΝΑΙ","ΝΑΙ","ΟΧΙ","ΝΑΙ",""
"2025/09/15 6:32:31 μ.μ. EEST","ΝΑΙ","21-26","ΘΗΛΥΚΟ","Μεταπτυχιακές Σπουδές","ΝΑΙ","ΠΛΑΣΤΙΚΑ","Μία μαύρη σακούλα ανακυκλώσιμων απορριμμάτων (των 50 λίτρων)","ΝΑΙ","Καθε μέρα","ΛΙΓΟ","ΝΑΙ","Να προσφέρει κάποιου είδους επιβράβευση ","ΚΑΘΟΛΟΥ","ΚΑΘΟΛΟΥ","ΚΑΘΟΛΟΥ","ΛΙΓΟ","ΚΑΘΟΛΟΥ","ΚΑΘΟΛΟΥ","ΚΑΘΟΛΟΥ","ΚΑΘΟΛΟΥ","ΚΑΘΟΛΟΥ","ΚΑΘΟΛΟΥ","ΟΧΙ","ΠΟΛΥ","ΠΟΛΥ","ΠΟΛΥ","ΠΑΡΑ ΠΟΛΥ","ΠΑΡΑ ΠΟΛΥ","ΠΑΡΑ ΠΟΛΥ","ΠΑΡΑ ΠΟΛΥ","ΠΑΡΑ ΠΟΛΥ","ΠΑΡΑ ΠΟΛΥ","ΠΟΛΥ","ΠΑΡΑ ΠΟΛΥ","ΠΟΛΥ","ΠΟΛΥ","ΠΟΛΥ","ΠΑΡΑ ΠΟΛΥ","ΑΡΚΕΤΑ","ΠΑΡΑ ΠΟΛΥ","ΠΑΡΑ ΠΟΛΥ","ΛΙΓΟ","ΑΡΚΕΤΑ","ΛΙΓΟ","ΑΡΚΕΤΑ","ΑΡΚΕΤΑ","ΛΙΓΟ","ΠΟΛΥ","ΚΑΘΟΛΟΥ","ΠΟΛΥ ΛΙΓΟ","ΛΙΓΟ","ΑΡΚΕΤΑ","Μέσω ιστοσελίδας του Δήμου","ΝΑΙ","ΟΧΙ","ΟΧΙ","ΝΑΙ",""
"2025/09/15 6:44:33 μ.μ. EEST","ΝΑΙ","35-38","ΘΗΛΥΚΟ","Απόφοιτος ΑΕΙ/ΤΕΙ","ΝΑΙ","ΠΛΑΣΤΙΚΑ","Μία μαύρη σακούλα ανακυκλώσιμων απορριμμάτων (των 50 λίτρων)","ΝΑΙ","Καθε μέρα","ΑΡΚΕΤΑ","","","ΚΑΘΟΛΟΥ","ΚΑΘΟΛΟΥ","ΚΑΘΟΛΟΥ","ΚΑΘΟΛΟΥ","ΚΑΘΟΛΟΥ","ΚΑΘΟΛΟΥ","ΚΑΘΟΛΟΥ","ΚΑΘΟΛΟΥ","ΚΑΘΟΛΟΥ","ΚΑΘΟΛΟΥ","ΝΑΙ","ΠΑΡΑ ΠΟΛΥ","ΠΑΡΑ ΠΟΛΥ","ΚΑΘΟΛΟΥ","ΑΡΚΕΤΑ","ΑΡΚΕΤΑ","ΠΑΡΑ ΠΟΛΥ","ΠΟΛΥ","ΑΡΚΕΤΑ","ΠΟΛΥ","ΠΑΡΑ ΠΟΛΥ","ΑΡΚΕΤΑ","ΠΟΛΥ","ΠΟΛΥ","ΠΟΛΥ","ΠΑΡΑ ΠΟΛΥ","ΑΡΚΕΤΑ","ΠΟΛΥ","ΛΙΓΟ","ΠΟΛΥ","ΑΡΚΕΤΑ","ΛΙΓΟ","ΠΟΛΥ ΛΙΓΟ","ΑΡΚΕΤΑ","ΑΡΚΕΤΑ","ΠΑΡΑ ΠΟΛΥ","ΠΟΛΥ ΛΙΓΟ","ΚΑΘΟΛΟΥ","ΑΡΚΕΤΑ","ΑΡΚΕΤΑ","Διοργάνωση βιωματικών δράσεων Δήμου - Συλλόγων","ΝΑΙ","ΝΑΙ","ΝΑΙ","ΝΑΙ","Εκπαίδευση & ευαισθητοποίηση: Εκστρατείες ενημέρωσης από μικρή ηλικία (σχολεία, κοινότητες) ώστε η ανακύκλωση να γίνει καθημερινή συνήθεια.

Κίνητρα: Παροχή οικονομικών ή συμβολικών ανταμοιβών (π.χ. εκπτώσεις σε λογαριασμούς, πόντοι ανταμοιβής, κουπόνια) για όσους ανακυκλώνουν συστηματικά.

Εύκολη πρόσβαση σε υποδομές: Περισσότεροι κάδοι ανακύκλωσης σε δημόσιους χώρους, σύγχρονες υποδομές για ειδικά απόβλητα (ηλεκτρονικά, μπαταρίες, ρούχα).

Διαφάνεια στη διαδικασία: Ενημέρωση των πολιτών για το τι πραγματικά συμβαίνει με τα ανακυκλώσιμα υλικά, ώστε να νιώθουν ότι η προσπάθειά τους έχει αντίκρισμα.

Τοπικές πρωτοβουλίες: Συνεργασία δήμων, συλλόγων και ΜΚΟ για δράσεις επαναχρησιμοποίησης (π.χ. ανταλλακτικά παζάρια, επισκευαστικά εργαστήρια)."
"2025/09/15 7:37:47 μ.μ. EEST","ΝΑΙ","55-70","ΑΡΣΕΝΙΚΟ","Μεταπτυχιακές Σπουδές","ΝΑΙ","ΓΥΑΛΙΝΑ ΜΠΟΥΚΑΛΙΑ","Λιγότερο από 1 μαύρη σακούλα ανακυκλώσιμων απορριμμάτων (των 50λίτρων)","ΝΑΙ","Καθε μέρα","ΠΟΛΥ","ΝΑΙ","Ενημέρωση και ευαισθητοποίηση ","ΑΡΚΕΤΑ","ΑΡΚΕΤΑ","ΑΡΚΕΤΑ","ΑΡΚΕΤΑ","ΑΡΚΕΤΑ","ΠΟΛΥ","ΛΙΓΟ","ΠΟΛΥ","ΠΟΛΥ","ΠΟΛΥ","ΝΑΙ","ΠΑΡΑ ΠΟΛΥ","ΠΑΡΑ ΠΟΛΥ","ΛΙΓΟ","ΠΑΡΑ ΠΟΛΥ","ΠΑΡΑ ΠΟΛΥ","ΠΑΡΑ ΠΟΛΥ","ΠΑΡΑ ΠΟΛΥ","ΠΑΡΑ ΠΟΛΥ","ΠΑΡΑ ΠΟΛΥ","ΠΑΡΑ ΠΟΛΥ","ΠΟΛΥ","ΠΟΛΥ","ΠΟΛΥ","ΑΡΚΕΤΑ","ΠΟΛΥ","ΚΑΘΟΛΟΥ","ΠΟΛΥ","ΠΟΛΥ","ΠΑΡΑ ΠΟΛΥ","ΠΟΛΥ","ΠΑΡΑ ΠΟΛΥ","ΠΑΡΑ ΠΟΛΥ","ΠΑΡΑ ΠΟΛΥ","ΠΑΡΑ ΠΟΛΥ","ΚΑΘΟΛΟΥ","ΚΑΘΟΛΟΥ","ΑΡΚΕΤΑ","ΑΡΚΕΤΑ","ΠΟΛΥ ΛΙΓΟ","Μέσω ενημερωτικών φυλλαδίων","ΟΧΙ","ΟΧΙ","ΝΑΙ","ΝΑΙ","Αύξηση σημείων ανακύκλωσης ..αναλογα με τον πληθυσμό να γίνει .αύξηση όγκου κάδων υποδοχής..αύξηση συγχρονων .υπογειοποίημενων κάδων ανακυκλωσης"
"2025/09/15 7:47:48 μ.μ. EEST","ΝΑΙ","21-26","ΑΡΣΕΝΙΚΟ","Μεταπτυχιακές Σπουδές","ΝΑΙ","ΠΛΑΣΤΙΚΑ","Μία μαύρη σακούλα ανακυκλώσιμων απορριμμάτων (των 50 λίτρων)","ΝΑΙ","Καθε μέρα","ΛΙΓΟ","ΝΑΙ","Υπάρχουν προοπτικές πάνω σε αυτό το ζήτημα αλλά πολλές φορές παραμένουν ανεκμετάλλευτες ","ΛΙΓΟ","ΛΙΓΟ","ΑΡΚΕΤΑ","ΑΡΚΕΤΑ","ΑΡΚΕΤΑ","ΛΙΓΟ","ΑΡΚΕΤΑ","ΑΡΚΕΤΑ","ΠΟΛΥ","ΠΟΛΥ","ΝΑΙ","ΠΑΡΑ ΠΟΛΥ","ΠΟΛΥ","ΠΑΡΑ ΠΟΛΥ","ΠΑΡΑ ΠΟΛΥ","ΠΑΡΑ ΠΟΛΥ","ΠΑΡΑ ΠΟΛΥ","ΠΑΡΑ ΠΟΛΥ","ΠΑΡΑ ΠΟΛΥ","ΠΟΛΥ","ΠΟΛΥ","ΠΟΛΥ","ΠΑΡΑ ΠΟΛΥ","ΠΑΡΑ ΠΟΛΥ","ΠΑΡΑ ΠΟΛΥ","ΠΑΡΑ ΠΟΛΥ","ΠΟΛΥ","ΠΑΡΑ ΠΟΛΥ","ΠΟΛΥ","ΠΟΛΥ","ΠΟΛΥ","ΠΟΛΥ","ΛΙΓΟ","ΠΟΛΥ","ΠΟΛΥ","ΠΟΛΥ","ΠΟΛΥ","ΠΟΛΥ","ΑΡΚΕΤΑ","ΠΟΛΥ","Διοργάνωση βιωματικών δράσεων Δήμου - Συλλόγων","ΝΑΙ","ΝΑΙ","ΝΑΙ","ΝΑΙ","ανοιχτές ημερίδες και διημερίδες όπου θα ενημερώνονται οι πολίτες από αρμόδιους και ειδικούς πάνω στο θέμα της κυκλικής οικονομίας και να είναι περισσότερο ευαισθητοποιημένοι"
"2025/09/15 8:03:47 μ.μ. EEST","ΝΑΙ","55-70","ΘΗΛΥΚΟ","Μεταπτυχιακές Σπουδές","ΝΑΙ","ΠΛΑΣΤΙΚΑ","Λιγότερο από 1 μαύρη σακούλα ανακυκλώσιμων απορριμμάτων (των 50λίτρων)","ΝΑΙ","Δεν γνωρίζω","ΛΙΓΟ","ΟΧΙ","Ανακύκλωση σε περισσότερα σημεία της πόλης.","ΑΡΚΕΤΑ","ΑΡΚΕΤΑ","ΑΡΚΕΤΑ","ΑΡΚΕΤΑ","ΑΡΚΕΤΑ","ΑΡΚΕΤΑ","ΑΡΚΕΤΑ","ΑΡΚΕΤΑ","ΑΡΚΕΤΑ","ΑΡΚΕΤΑ","ΝΑΙ","ΑΡΚΕΤΑ","ΑΡΚΕΤΑ","ΑΡΚΕΤΑ","ΑΡΚΕΤΑ","ΑΡΚΕΤΑ","ΑΡΚΕΤΑ","ΑΡΚΕΤΑ","ΑΡΚΕΤΑ","ΠΟΛΥ","ΠΟΛΥ","ΠΟΛΥ","ΠΟΛΥ","ΠΟΛΥ","ΠΑΡΑ ΠΟΛΥ","ΛΙΓΟ","ΑΡΚΕΤΑ","ΠΑΡΑ ΠΟΛΥ","ΛΙΓΟ","ΠΟΛΥ","ΠΑΡΑ ΠΟΛΥ","ΛΙΓΟ","ΠΑΡΑ ΠΟΛΥ","ΑΡΚΕΤΑ","ΚΑΘΟΛΟΥ","ΠΑΡΑ ΠΟΛΥ","ΚΑΘΟΛΟΥ","ΚΑΘΟΛΟΥ","ΠΟΛΥ ΛΙΓΟ","ΠΟΛΥ ΛΙΓΟ","Διοργάνωση βιωματικών δράσεων Δήμου - Συλλόγων","ΝΑΙ","ΝΑΙ","ΟΧΙ","ΝΑΙ","Περισσότερη δράση."
"2025/09/15 9:46:06 μ.μ. EEST","ΝΑΙ","55-70","ΘΗΛΥΚΟ","Απόφοιτος Λυκείου","ΝΑΙ","ΠΛΑΣΤΙΚΑ","Μία μαύρη σακούλα ανακυκλώσιμων απορριμμάτων (των 50 λίτρων)","ΝΑΙ","Μια φορά την εβδομάδα εκτός Σαββατοκύριακου","ΛΙΓΟ","ΝΑΙ","Ενημέρωση και κινητρα","ΑΡΚΕΤΑ","ΑΡΚΕΤΑ","ΑΡΚΕΤΑ","ΑΡΚΕΤΑ","ΑΡΚΕΤΑ","ΑΡΚΕΤΑ","ΑΡΚΕΤΑ","ΑΡΚΕΤΑ","ΑΡΚΕΤΑ","ΑΡΚΕΤΑ","ΝΑΙ","ΑΡΚΕΤΑ","ΠΟΛΥ","ΑΡΚΕΤΑ","ΑΡΚΕΤΑ","ΑΡΚΕΤΑ","ΑΡΚΕΤΑ","ΑΡΚΕΤΑ","ΑΡΚΕΤΑ","ΛΙΓΟ","ΛΙΓΟ","ΑΡΚΕΤΑ","ΑΡΚΕΤΑ","ΑΡΚΕΤΑ","ΛΙΓΟ","ΚΑΘΟΛΟΥ","ΛΙΓΟ","ΑΡΚΕΤΑ","ΑΡΚΕΤΑ","ΑΡΚΕΤΑ","ΛΙΓΟ","ΑΡΚΕΤΑ","ΠΟΛΥ","ΑΡΚΕΤΑ","ΑΡΚΕΤΑ","ΠΟΛΥ","ΠΟΛΥ","ΚΑΘΟΛΟΥ","ΑΡΚΕΤΑ","ΛΙΓΟ","Διοργάνωση βιωματικών δράσεων Δήμου - Συλλόγων","ΝΑΙ","ΟΧΙ","ΟΧΙ","ΝΑΙ","Να δοθούν κίνητρα  και να γίνεται ενημέρωση  ξεκινώντας από το Δημοτικό. "
"2025/09/15 10:17:16 μ.μ. EEST","ΝΑΙ","55-70","ΑΡΣΕΝΙΚΟ","Μεταπτυχιακές Σπουδές","ΝΑΙ","ΠΛΑΣΤΙΚΑ","Μία μαύρη σακούλα ανακυκλώσιμων απορριμμάτων (των 50 λίτρων)","ΝΑΙ","Κάθε δύο μέρες","ΑΡΚΕΤΑ","ΝΑΙ","Παραστάσεις στα σχολεία ","ΑΡΚΕΤΑ","ΑΡΚΕΤΑ","ΑΡΚΕΤΑ","ΠΟΛΥ","ΠΟΛΥ","ΛΙΓΟ","ΛΙΓΟ","ΠΟΛΥ","ΠΟΛΥ","ΛΙΓΟ","ΝΑΙ","ΠΑΡΑ ΠΟΛΥ","ΠΑΡΑ ΠΟΛΥ","ΠΑΡΑ ΠΟΛΥ","ΠΑΡΑ ΠΟΛΥ","ΠΑΡΑ ΠΟΛΥ","ΠΑΡΑ ΠΟΛΥ","ΠΑΡΑ ΠΟΛΥ","ΠΑΡΑ ΠΟΛΥ","ΠΑΡΑ ΠΟΛΥ","ΠΑΡΑ ΠΟΛΥ","ΑΡΚΕΤΑ","ΠΟΛΥ","ΠΟΛΥ","ΠΟΛΥ","ΠΑΡΑ ΠΟΛΥ","ΠΑΡΑ ΠΟΛΥ","ΠΟΛΥ","ΠΟΛΥ","ΠΑΡΑ ΠΟΛΥ","ΠΟΛΥ","ΠΟΛΥ","ΑΡΚΕΤΑ","ΛΙΓΟ","ΛΙΓΟ","ΠΟΛΥ","ΛΙΓΟ","ΑΡΚΕΤΑ","ΠΟΛΥ","ΠΟΛΥ","Διοργάνωση βιωματικών δράσεων Δήμου - Συλλόγων","ΝΑΙ","ΝΑΙ","ΝΑΙ","ΝΑΙ","Τηλεοπτική διαφήμιση "
"2025/09/16 12:05:20 π.μ. EEST","ΝΑΙ","55-70","ΘΗΛΥΚΟ","Απόφοιτος Λυκείου","ΝΑΙ","ΠΛΑΣΤΙΚΑ","Λιγότερο από 1 μαύρη σακούλα ανακυκλώσιμων απορριμμάτων (των 50λίτρων)","ΟΧΙ","Δεν γνωρίζω","ΛΙΓΟ","ΟΧΙ","Θεωρώ ότι οι περισσότεροι πολίτες  ενθαρυνονται μόνο με ανταλλάγματα ","ΚΑΘΟΛΟΥ","ΚΑΘΟΛΟΥ","ΚΑΘΟΛΟΥ","ΑΡΚΕΤΑ","ΚΑΘΟΛΟΥ","ΛΙΓΟ","ΚΑΘΟΛΟΥ","ΛΙΓΟ","ΛΙΓΟ","ΚΑΘΟΛΟΥ","ΝΑΙ","ΑΡΚΕΤΑ","ΛΙΓΟ","ΑΡΚΕΤΑ","ΑΡΚΕΤΑ","ΑΡΚΕΤΑ","ΑΡΚΕΤΑ","ΑΡΚΕΤΑ","ΛΙΓΟ","ΠΑΡΑ ΠΟΛΥ","ΠΑΡΑ ΠΟΛΥ","ΠΑΡΑ ΠΟΛΥ","ΠΑΡΑ ΠΟΛΥ","ΠΑΡΑ ΠΟΛΥ","ΠΑΡΑ ΠΟΛΥ","ΠΑΡΑ ΠΟΛΥ","ΛΙΓΟ","ΠΑΡΑ ΠΟΛΥ","ΛΙΓΟ","ΠΑΡΑ ΠΟΛΥ","ΠΑΡΑ ΠΟΛΥ","ΠΟΛΥ ΛΙΓΟ","ΑΡΚΕΤΑ","ΛΙΓΟ","ΛΙΓΟ","ΠΑΡΑ ΠΟΛΥ","ΚΑΘΟΛΟΥ","ΚΑΘΟΛΟΥ","ΠΟΛΥ ΛΙΓΟ","ΚΑΘΟΛΟΥ","Διοργάνωση βιωματικών δράσεων Δήμου - Συλλόγων","ΝΑΙ","ΝΑΙ","ΝΑΙ","ΝΑΙ","Επιβράβευση με κουπόνια και ειδικές εκπτωσεις"
"2025/09/16 12:05:40 π.μ. EEST","ΝΑΙ","35-38","ΑΡΣΕΝΙΚΟ","Απόφοιτος ΑΕΙ/ΤΕΙ","ΝΑΙ","ΠΛΑΣΤΙΚΑ","Μία μαύρη σακούλα ανακυκλώσιμων απορριμμάτων (των 50 λίτρων)","ΝΑΙ","Κάθε δύο μέρες","ΛΙΓΟ","ΟΧΙ","Με ανταποδοτικά οφέλη","ΚΑΘΟΛΟΥ","ΚΑΘΟΛΟΥ","ΚΑΘΟΛΟΥ","ΛΙΓΟ","ΛΙΓΟ","ΚΑΘΟΛΟΥ","ΚΑΘΟΛΟΥ","ΛΙΓΟ","ΑΡΚΕΤΑ","ΛΙΓΟ","ΝΑΙ","ΠΟΛΥ","ΠΟΛΥ","ΠΟΛΥ","ΠΟΛΥ","ΠΟΛΥ","ΠΟΛΥ","ΠΟΛΥ","ΠΟΛΥ","ΠΑΡΑ ΠΟΛΥ","ΠΑΡΑ ΠΟΛΥ","ΠΑΡΑ ΠΟΛΥ","ΠΑΡΑ ΠΟΛΥ","ΠΑΡΑ ΠΟΛΥ","ΠΑΡΑ ΠΟΛΥ","ΠΟΛΥ","ΑΡΚΕΤΑ","ΠΟΛΥ","ΑΡΚΕΤΑ","ΠΟΛΥ","ΑΡΚΕΤΑ","ΛΙΓΟ","ΛΙΓΟ","ΠΟΛΥ","ΠΟΛΥ","ΠΑΡΑ ΠΟΛΥ","ΚΑΘΟΛΟΥ","ΑΡΚΕΤΑ","ΠΟΛΥ","ΑΡΚΕΤΑ","Μέσω ενημερωτικών φυλλαδίων","ΝΑΙ","ΝΑΙ","ΝΑΙ","ΝΑΙ",""
"2025/09/16 7:23:12 π.μ. EEST","ΝΑΙ","47-54","ΑΡΣΕΝΙΚΟ","Απόφοιτος Λυκείου","ΝΑΙ","ΠΛΑΣΤΙΚΑ","Μία μαύρη σακούλα ανακυκλώσιμων απορριμμάτων (των 50 λίτρων)","ΝΑΙ","Καθε μέρα","ΛΙΓΟ","ΟΧΙ","","ΑΡΚΕΤΑ","ΑΡΚΕΤΑ","ΑΡΚΕΤΑ","ΑΡΚΕΤΑ","ΑΡΚΕΤΑ","ΑΡΚΕΤΑ","ΑΡΚΕΤΑ","ΑΡΚΕΤΑ","ΑΡΚΕΤΑ","ΛΙΓΟ","ΝΑΙ","ΠΑΡΑ ΠΟΛΥ","ΑΡΚΕΤΑ","ΑΡΚΕΤΑ","ΑΡΚΕΤΑ","ΑΡΚΕΤΑ","ΑΡΚΕΤΑ","ΑΡΚΕΤΑ","ΑΡΚΕΤΑ","ΠΑΡΑ ΠΟΛΥ","ΠΑΡΑ ΠΟΛΥ","ΠΑΡΑ ΠΟΛΥ","ΠΑΡΑ ΠΟΛΥ","ΠΑΡΑ ΠΟΛΥ","ΠΑΡΑ ΠΟΛΥ","ΠΑΡΑ ΠΟΛΥ","ΚΑΘΟΛΟΥ","ΠΟΛΥ","ΑΡΚΕΤΑ","ΠΑΡΑ ΠΟΛΥ","ΠΑΡΑ ΠΟΛΥ","ΛΙΓΟ","ΠΟΛΥ","ΑΡΚΕΤΑ","ΑΡΚΕΤΑ","ΠΑΡΑ ΠΟΛΥ","ΠΑΡΑ ΠΟΛΥ","ΑΡΚΕΤΑ","ΑΡΚΕΤΑ","ΑΡΚΕΤΑ","Μέσω ενημερωτικών ημερίδων/σεμιναριών","ΝΑΙ","ΝΑΙ","ΝΑΙ","ΝΑΙ","Να υπαρχει Κινητρο"
"2025/09/16 8:09:31 π.μ. EEST","ΝΑΙ","47-54","ΘΗΛΥΚΟ","Απόφοιτος Λυκείου","ΝΑΙ","ΠΛΑΣΤΙΚΑ","Μία μαύρη σακούλα ανακυκλώσιμων απορριμμάτων (των 50 λίτρων)","ΝΑΙ","Κάθε δύο μέρες","ΚΑΘΟΛΟΥ","ΟΧΙ","","ΠΑΡΑ ΠΟΛΥ","ΚΑΘΟΛΟΥ","ΚΑΘΟΛΟΥ","ΠΑΡΑ ΠΟΛΥ","ΠΑΡΑ ΠΟΛΥ","ΠΑΡΑ ΠΟΛΥ","ΚΑΘΟΛΟΥ","ΠΑΡΑ ΠΟΛΥ","ΠΑΡΑ ΠΟΛΥ","ΚΑΘΟΛΟΥ","ΝΑΙ","ΠΑΡΑ ΠΟΛΥ","ΠΑΡΑ ΠΟΛΥ","ΠΑΡΑ ΠΟΛΥ","ΠΑΡΑ ΠΟΛΥ","ΠΑΡΑ ΠΟΛΥ","ΠΑΡΑ ΠΟΛΥ","ΠΑΡΑ ΠΟΛΥ","ΠΑΡΑ ΠΟΛΥ","ΠΑΡΑ ΠΟΛΥ","ΠΑΡΑ ΠΟΛΥ","ΠΑΡΑ ΠΟΛΥ","ΠΑΡΑ ΠΟΛΥ","ΠΑΡΑ ΠΟΛΥ","ΠΟΛΥ","ΑΡΚΕΤΑ","ΠΟΛΥ","ΠΟΛΥ","ΑΡΚΕΤΑ","ΠΟΛΥ","ΠΟΛΥ","ΠΟΛΥ","ΠΟΛΥ","ΠΟΛΥ","ΠΟΛΥ","ΠΑΡΑ ΠΟΛΥ","ΚΑΘΟΛΟΥ","ΚΑΘΟΛΟΥ","ΠΟΛΥ","ΚΑΘΟΛΟΥ","Μέσω ενημερωτικών φυλλαδίων","ΝΑΙ","ΝΑΙ","ΝΑΙ","ΝΑΙ",""
"2025/09/16 8:33:10 π.μ. EEST","ΝΑΙ","55-70","ΘΗΛΥΚΟ","Απόφοιτος ΑΕΙ/ΤΕΙ","ΝΑΙ","ΠΛΑΣΤΙΚΑ","Μία μαύρη σακούλα ανακυκλώσιμων απορριμμάτων (των 50 λίτρων)","ΝΑΙ","Μια φορά την εβδομάδα εκτός Σαββατοκύριακου","ΚΑΘΟΛΟΥ","ΟΧΙ","","ΚΑΘΟΛΟΥ","ΚΑΘΟΛΟΥ","ΚΑΘΟΛΟΥ","ΛΙΓΟ","ΚΑΘΟΛΟΥ","ΚΑΘΟΛΟΥ","ΚΑΘΟΛΟΥ","ΚΑΘΟΛΟΥ","ΚΑΘΟΛΟΥ","ΚΑΘΟΛΟΥ","ΝΑΙ","ΠΟΛΥ","ΑΡΚΕΤΑ","ΑΡΚΕΤΑ","ΛΙΓΟ","ΛΙΓΟ","ΛΙΓΟ","ΚΑΘΟΛΟΥ","ΚΑΘΟΛΟΥ","ΠΟΛΥ","ΠΑΡΑ ΠΟΛΥ","ΠΟΛΥ","ΑΡΚΕΤΑ","ΛΙΓΟ","ΠΟΛΥ","ΠΟΛΥ","ΑΡΚΕΤΑ","ΑΡΚΕΤΑ","ΑΡΚΕΤΑ","ΑΡΚΕΤΑ","ΠΟΛΥ","ΛΙΓΟ","ΑΡΚΕΤΑ","ΑΡΚΕΤΑ","ΑΡΚΕΤΑ","ΠΑΡΑ ΠΟΛΥ","ΚΑΘΟΛΟΥ","ΠΟΛΥ ΛΙΓΟ","ΑΡΚΕΤΑ","ΠΟΛΥ ΛΙΓΟ","Μέσω ενημερωτικών φυλλαδίων","ΝΑΙ","ΟΧΙ","ΝΑΙ","ΝΑΙ",""
"2025/09/16 9:10:01 π.μ. EEST","ΝΑΙ","55-70","ΑΡΣΕΝΙΚΟ","Απόφοιτος ΑΕΙ/ΤΕΙ","ΝΑΙ","ΚΟΜΠΟΣΤΟΠΟΙΗΣΗ","Μία μαύρη σακούλα ανακυκλώσιμων απορριμμάτων (των 50 λίτρων)","ΝΑΙ","Καθε μέρα","ΛΙΓΟ","ΟΧΙ","","ΛΙΓΟ","ΛΙΓΟ","ΛΙΓΟ","ΛΙΓΟ","ΑΡΚΕΤΑ","ΛΙΓΟ","ΛΙΓΟ","ΑΡΚΕΤΑ","ΑΡΚΕΤΑ","ΛΙΓΟ","","ΠΑΡΑ ΠΟΛΥ","ΠΑΡΑ ΠΟΛΥ","ΠΟΛΥ","ΠΟΛΥ","ΑΡΚΕΤΑ","ΑΡΚΕΤΑ","ΠΟΛΥ","ΑΡΚΕΤΑ","ΠΑΡΑ ΠΟΛΥ","ΠΑΡΑ ΠΟΛΥ","ΠΟΛΥ","ΠΟΛΥ","ΠΟΛΥ","ΠΑΡΑ ΠΟΛΥ","ΠΑΡΑ ΠΟΛΥ","ΠΑΡΑ ΠΟΛΥ","ΠΑΡΑ ΠΟΛΥ","ΠΟΛΥ","ΠΑΡΑ ΠΟΛΥ","ΠΑΡΑ ΠΟΛΥ","ΛΙΓΟ","ΠΑΡΑ ΠΟΛΥ","ΠΑΡΑ ΠΟΛΥ","ΑΡΚΕΤΑ","ΑΡΚΕΤΑ","ΠΑΡΑ ΠΟΛΥ","ΑΡΚΕΤΑ","ΠΟΛΥ","ΠΟΛΥ","Μέσω ενημερωτικών φυλλαδίων","ΝΑΙ","ΟΧΙ","ΝΑΙ","ΝΑΙ",""
"2025/09/16 10:16:19 π.μ. EEST","ΝΑΙ","55-70","ΘΗΛΥΚΟ","Μεταπτυχιακές Σπουδές","ΝΑΙ","ΠΛΑΣΤΙΚΑ","Μία μαύρη σακούλα ανακυκλώσιμων απορριμμάτων (των 50 λίτρων)","ΝΑΙ","Κάθε δύο μέρες","ΑΡΚΕΤΑ","ΟΧΙ","Ο δήμος θα μπορούσε να παρέχει συνεχόμενη πληροφόρηση και επιπλέον ενημέρωση για τα επίπεδα του δήμου σε σχέση με άλλες περιοχές. Ακόμη θα μπορούσε να δώσει κίνητρα όπως γίνεται σε επιλεγμένα σημεία με τα πλαστικά μπουκάλια, ώστε η ανακύκλωση να γίνει συνήθεια και στάση. Επίσης να συλλέγει τα ανακυκλώσιμα υλικά πόρτα πόρτα δίνοντας έτσι την ευκαιρία για σωστή ανακύκλωση, διότι παρατηρείται στους κάδους των ανακυκλώσιμων υλικών να απορρίπτονται και άλλου είδους απορρίμματα που στερούν την ευκαιρία της ανακύκλωσης στα άτομα που θέλουν να την κάνουν, αποθαρρύνοντας την ελάχιστη αυτή προσπάθεια που γίνεται. Η ανακύκλωση πόρτα πόρτα θα αναδείξει τα νοικοκυριά που δεν κάνουν ανακύκλωση ώστε να παρακινηθούν να την κάνουν.","ΚΑΘΟΛΟΥ","ΚΑΘΟΛΟΥ","ΚΑΘΟΛΟΥ","ΠΟΛΥ","ΠΟΛΥ","ΑΡΚΕΤΑ","ΛΙΓΟ","ΠΟΛΥ","ΠΟΛΥ","ΚΑΘΟΛΟΥ","ΝΑΙ","ΑΡΚΕΤΑ","ΑΡΚΕΤΑ","ΑΡΚΕΤΑ","ΑΡΚΕΤΑ","ΑΡΚΕΤΑ","ΠΟΛΥ","ΠΟΛΥ","ΑΡΚΕΤΑ","ΠΑΡΑ ΠΟΛΥ","ΑΡΚΕΤΑ","ΠΑΡΑ ΠΟΛΥ","ΑΡΚΕΤΑ","ΠΟΛΥ","ΠΑΡΑ ΠΟΛΥ","ΠΟΛΥ","ΚΑΘΟΛΟΥ","ΠΑΡΑ ΠΟΛΥ","ΛΙΓΟ","ΠΟΛΥ","ΑΡΚΕΤΑ","ΠΟΛΥ","ΠΟΛΥ","ΠΟΛΥ","ΑΡΚΕΤΑ","ΠΑΡΑ ΠΟΛΥ","ΚΑΘΟΛΟΥ","ΠΑΡΑ ΠΟΛΥ","ΠΑΡΑ ΠΟΛΥ","ΠΟΛΥ","Διοργάνωση βιωματικών δράσεων Δήμου - Συλλόγων","ΝΑΙ","ΝΑΙ","ΝΑΙ","ΝΑΙ","Συνεχή ενημέρωση, προγράμματα, εκπαίδευση στα σχολεία, σεμινάρια, περισσότερα κίνητρα. "
"2025/09/16 11:37:52 π.μ. EEST","ΝΑΙ","47-54","ΘΗΛΥΚΟ","Μεταπτυχιακές Σπουδές","ΝΑΙ","ΠΛΑΣΤΙΚΑ","Πολλές μαύρες σακούλες ανακυκλώσιμων απορριμμάτων (των 50 λίτρων η καθεμία)","ΝΑΙ","Δεν γνωρίζω","ΑΡΚΕΤΑ","ΟΧΙ","Καμπάνιες ενημέρωσης, 
δημόσιες διαβουλεύσεις για περιβαλλοντικά θέματα, 
οργάνωση βιωματικών δράσεων,
συνεργασίες με ΜΚΟ,
αυστηρότερη εφαρμογή της νομοθεσίας για τη διαχείριση απορριμμάτων (σε επιχειρήσεις και οικίες)
προγράμματα ανταμοιβής","ΛΙΓΟ","ΛΙΓΟ","ΛΙΓΟ","ΛΙΓΟ","ΛΙΓΟ","ΛΙΓΟ","ΛΙΓΟ","ΑΡΚΕΤΑ","ΑΡΚΕΤΑ","ΛΙΓΟ","ΝΑΙ","ΑΡΚΕΤΑ","ΑΡΚΕΤΑ","ΑΡΚΕΤΑ","ΑΡΚΕΤΑ","ΑΡΚΕΤΑ","ΑΡΚΕΤΑ","ΑΡΚΕΤΑ","ΛΙΓΟ","ΠΑΡΑ ΠΟΛΥ","ΠΑΡΑ ΠΟΛΥ","ΠΑΡΑ ΠΟΛΥ","ΠΑΡΑ ΠΟΛΥ","ΠΑΡΑ ΠΟΛΥ","ΠΟΛΥ","ΠΑΡΑ ΠΟΛΥ","ΠΑΡΑ ΠΟΛΥ","ΠΑΡΑ ΠΟΛΥ","ΠΑΡΑ ΠΟΛΥ","ΠΑΡΑ ΠΟΛΥ","ΠΑΡΑ ΠΟΛΥ","ΑΡΚΕΤΑ","ΠΑΡΑ ΠΟΛΥ","ΠΑΡΑ ΠΟΛΥ","ΠΟΛΥ","ΠΑΡΑ ΠΟΛΥ","ΠΑΡΑ ΠΟΛΥ","ΠΑΡΑ ΠΟΛΥ","ΠΟΛΥ","ΑΡΚΕΤΑ","Διοργάνωση βιωματικών δράσεων Δήμου - Συλλόγων","ΝΑΙ","ΝΑΙ","ΝΑΙ","ΝΑΙ","
Εκπαίδευση στα σχολεία
Συνεργασίες με οικολογικές οργανώσεις
Περισσότεροι κάδοι ανακύκλωσης και ειδικών απορριμμάτων
Οικονομικά κίνητρα 
Προγράμματα ανταμοιβής για ανακύκλωση
Προώθηση της “zero waste” κουλτούρας"
"2025/09/16 11:59:10 π.μ. EEST","ΝΑΙ","55-70","ΘΗΛΥΚΟ","Απόφοιτος Λυκείου","ΝΑΙ","ΠΛΑΣΤΙΚΑ","Λιγότερο από 1 μαύρη σακούλα ανακυκλώσιμων απορριμμάτων (των 50λίτρων)","ΝΑΙ","Δεν γνωρίζω","ΚΑΘΟΛΟΥ","ΟΧΙ","Περισσότερη ενημέρωση και ευαισθητοποίηση επί του θέματος 
","ΚΑΘΟΛΟΥ","ΚΑΘΟΛΟΥ","ΚΑΘΟΛΟΥ","ΚΑΘΟΛΟΥ","ΛΙΓΟ","ΚΑΘΟΛΟΥ","ΚΑΘΟΛΟΥ","ΛΙΓΟ","ΛΙΓΟ","ΛΙΓΟ","ΟΧΙ","ΛΙΓΟ","ΛΙΓΟ","ΛΙΓΟ","ΛΙΓΟ","ΛΙΓΟ","ΛΙΓΟ","ΛΙΓΟ","ΛΙΓΟ","ΠΟΛΥ","ΠΟΛΥ","ΠΟΛΥ","ΠΟΛΥ","ΠΟΛΥ","ΠΟΛΥ","ΠΟΛΥ","ΠΟΛΥ","ΠΟΛΥ","ΠΟΛΥ","ΠΟΛΥ","ΠΟΛΥ","ΠΟΛΥ","ΠΟΛΥ","ΠΟΛΥ","ΠΟΛΥ","ΑΡΚΕΤΑ","ΠΟΛΥ ΛΙΓΟ","ΛΙΓΟ","ΛΙΓΟ","ΚΑΘΟΛΟΥ","Μέσω ενημερωτικών ημερίδων/σεμιναριών","ΝΑΙ","ΝΑΙ","ΟΧΙ","ΝΑΙ","Να πιστέψουμε αυτό "
"2025/09/16 8:10:25 μ.μ. EEST","ΝΑΙ","55-70","ΘΗΛΥΚΟ","Μεταπτυχιακές Σπουδές","ΝΑΙ","ΠΛΑΣΤΙΚΑ","Μία μαύρη σακούλα ανακυκλώσιμων απορριμμάτων (των 50 λίτρων)","ΝΑΙ","Μια φορά την εβδομάδα εκτός Σαββατοκύριακου","ΛΙΓΟ","ΟΧΙ","ΚΑΝΟΝΤΑΣ ΕΥΡΕΙΑ ΚΑΜΠΑΝΙΑ ΕΝΗΜΕΡΩΣΗΣ ΚΑΙ ΔΙΝΟΝΤΑΣ ΑΝΤΑΠΟΔΟΤΙΚΑ ΟΦΕΛΗ Π.Χ ΜΕΙΩΣΗ ΔΗΜΟΤΙΚΩΝ ΤΕΛΩΝ","ΚΑΘΟΛΟΥ","ΛΙΓΟ","ΑΡΚΕΤΑ","ΑΡΚΕΤΑ","ΑΡΚΕΤΑ","ΑΡΚΕΤΑ","ΛΙΓΟ","ΑΡΚΕΤΑ","ΛΙΓΟ","ΛΙΓΟ","ΝΑΙ","ΠΑΡΑ ΠΟΛΥ","ΠΑΡΑ ΠΟΛΥ","ΠΑΡΑ ΠΟΛΥ","ΠΑΡΑ ΠΟΛΥ","ΠΑΡΑ ΠΟΛΥ","ΠΑΡΑ ΠΟΛΥ","ΠΑΡΑ ΠΟΛΥ","ΠΑΡΑ ΠΟΛΥ","ΠΑΡΑ ΠΟΛΥ","ΠΑΡΑ ΠΟΛΥ","ΠΑΡΑ ΠΟΛΥ","ΠΑΡΑ ΠΟΛΥ","ΠΑΡΑ ΠΟΛΥ","ΠΑΡΑ ΠΟΛΥ","ΠΑΡΑ ΠΟΛΥ","ΛΙΓΟ","ΠΑΡΑ ΠΟΛΥ","ΛΙΓΟ","ΠΑΡΑ ΠΟΛΥ","ΠΑΡΑ ΠΟΛΥ","ΑΡΚΕΤΑ","ΠΟΛΥ","ΠΟΛΥ","ΑΡΚΕΤΑ","ΠΑΡΑ ΠΟΛΥ","ΠΟΛΥ ΛΙΓΟ","ΠΑΡΑ ΠΟΛΥ","ΠΟΛΥ","ΠΑΡΑ ΠΟΛΥ","Διοργάνωση βιωματικών δράσεων Δήμου - Συλλόγων","ΝΑΙ","ΝΑΙ","ΝΑΙ","ΝΑΙ","ενημερωτικές  ημερίδες , σεμινάρια ,διανομή ατομικών κάδων κομποστοποιησης , σύνδεση τέλους δημοτικών τελών με την μείωση των παραγόμενων απορριμμάτων"
"2025/09/16 8:40:15 μ.μ. EEST","ΝΑΙ","35-38","ΘΗΛΥΚΟ","Μεταπτυχιακές Σπουδές","ΝΑΙ","ΠΛΑΣΤΙΚΑ","Πολλές μαύρες σακούλες ανακυκλώσιμων απορριμμάτων (των 50 λίτρων η καθεμία)","ΝΑΙ","Δεν γνωρίζω","ΚΑΘΟΛΟΥ","ΟΧΙ","Να βάλει έναν ανακυκλώσιμο κάδο σε κάθε σπίτι (όπως κάνουν στην Αγγλία) και να περνάει να τα παίρνει τουλάχιστον δύο φορές την βδομάδα.  ","ΛΙΓΟ","ΛΙΓΟ","ΛΙΓΟ","ΛΙΓΟ","ΛΙΓΟ","ΛΙΓΟ","ΛΙΓΟ","ΑΡΚΕΤΑ","ΑΡΚΕΤΑ","ΛΙΓΟ","","ΛΙΓΟ","ΛΙΓΟ","ΛΙΓΟ","ΛΙΓΟ","ΠΑΡΑ ΠΟΛΥ","ΠΑΡΑ ΠΟΛΥ","ΠΑΡΑ ΠΟΛΥ","ΠΑΡΑ ΠΟΛΥ","ΠΑΡΑ ΠΟΛΥ","ΠΑΡΑ ΠΟΛΥ","ΠΑΡΑ ΠΟΛΥ","ΠΑΡΑ ΠΟΛΥ","ΠΑΡΑ ΠΟΛΥ","ΠΑΡΑ ΠΟΛΥ","ΠΑΡΑ ΠΟΛΥ","ΑΡΚΕΤΑ","ΠΟΛΥ","ΠΟΛΥ","ΠΑΡΑ ΠΟΛΥ","ΠΑΡΑ ΠΟΛΥ","ΠΑΡΑ ΠΟΛΥ","ΑΡΚΕΤΑ","ΠΟΛΥ","ΠΑΡΑ ΠΟΛΥ","ΠΑΡΑ ΠΟΛΥ","ΚΑΘΟΛΟΥ","ΑΡΚΕΤΑ","ΠΑΡΑ ΠΟΛΥ","ΠΑΡΑ ΠΟΛΥ","Διοργάνωση βιωματικών δράσεων Δήμου - Συλλόγων","ΝΑΙ","ΝΑΙ","ΝΑΙ","ΝΑΙ","Ενημέρωση μέσω όλων των διαθέσιμων μέσων "
"2025/09/16 11:28:40 μ.μ. EEST","ΝΑΙ","55-70","ΘΗΛΥΚΟ","Μεταπτυχιακές Σπουδές","ΝΑΙ","ΕΦΗΜΕΡΙΔΕΣ","Πολλές μαύρες σακούλες ανακυκλώσιμων απορριμμάτων (των 50 λίτρων η καθεμία)","ΝΑΙ","Κάθε δύο μέρες","ΑΡΚΕΤΑ","ΟΧΙ","Δίνοντας περισσότερες ανταμοιβες","ΑΡΚΕΤΑ","ΑΡΚΕΤΑ","ΑΡΚΕΤΑ","ΑΡΚΕΤΑ","ΑΡΚΕΤΑ","ΑΡΚΕΤΑ","ΑΡΚΕΤΑ","ΑΡΚΕΤΑ","ΑΡΚΕΤΑ","ΑΡΚΕΤΑ","ΝΑΙ","ΑΡΚΕΤΑ","ΑΡΚΕΤΑ","ΑΡΚΕΤΑ","ΑΡΚΕΤΑ","ΑΡΚΕΤΑ","ΑΡΚΕΤΑ","ΑΡΚΕΤΑ","ΑΡΚΕΤΑ","ΠΟΛΥ","ΠΟΛΥ","ΠΟΛΥ","ΠΟΛΥ","ΠΟΛΥ","ΠΟΛΥ","ΠΑΡΑ ΠΟΛΥ","ΠΟΛΥ","ΠΟΛΥ","ΠΟΛΥ","ΠΑΡΑ ΠΟΛΥ","ΠΟΛΥ","ΑΡΚΕΤΑ","ΑΡΚΕΤΑ","ΑΡΚΕΤΑ","ΛΙΓΟ","ΠΟΛΥ","ΠΟΛΥ","ΠΟΛΥ","ΠΟΛΥ","ΠΑΡΑ ΠΟΛΥ","Διοργάνωση βιωματικών δράσεων Δήμου - Συλλόγων","ΝΑΙ","ΝΑΙ","ΝΑΙ","ΝΑΙ","Φεστιβάλ με βράβευση χρηματικό έπαθλο συμμετοχής και καινοτομίας ατόμων ή φορέων στην ανακυκλωση"
"2025/09/17 9:27:15 π.μ. EEST","ΝΑΙ","47-54","ΘΗΛΥΚΟ","Απόφοιτος ΑΕΙ/ΤΕΙ","ΝΑΙ","ΠΛΑΣΤΙΚΑ","Λιγότερο από 1 μαύρη σακούλα ανακυκλώσιμων απορριμμάτων (των 50λίτρων)","ΟΧΙ","Καθε μέρα","ΛΙΓΟ","ΟΧΙ","","ΛΙΓΟ","ΚΑΘΟΛΟΥ","ΛΙΓΟ","ΠΟΛΥ","ΠΟΛΥ","ΠΟΛΥ","ΚΑΘΟΛΟΥ","ΠΟΛΥ","ΠΟΛΥ","ΚΑΘΟΛΟΥ","ΝΑΙ","ΑΡΚΕΤΑ","ΠΑΡΑ ΠΟΛΥ","ΠΟΛΥ","ΑΡΚΕΤΑ","ΠΟΛΥ","ΠΟΛΥ","ΠΑΡΑ ΠΟΛΥ","ΛΙΓΟ","ΠΑΡΑ ΠΟΛΥ","ΑΡΚΕΤΑ","ΠΑΡΑ ΠΟΛΥ","ΠΟΛΥ","ΠΟΛΥ","ΠΟΛΥ","ΠΑΡΑ ΠΟΛΥ","ΛΙΓΟ","ΠΟΛΥ","ΑΡΚΕΤΑ","ΠΑΡΑ ΠΟΛΥ","ΚΑΘΟΛΟΥ","ΠΟΛΥ ΛΙΓΟ","ΠΟΛΥ ΛΙΓΟ","ΑΡΚΕΤΑ","ΛΙΓΟ","ΚΑΘΟΛΟΥ","ΚΑΘΟΛΟΥ","ΚΑΘΟΛΟΥ","ΠΑΡΑ ΠΟΛΥ","ΠΑΡΑ ΠΟΛΥ","Μέσω ενημερωτικών ημερίδων/σεμιναριών","ΝΑΙ","ΟΧΙ","ΝΑΙ","ΝΑΙ",""
"2025/09/17 11:11:18 π.μ. EEST","ΝΑΙ","47-54","ΑΡΣΕΝΙΚΟ","Μεταπτυχιακές Σπουδές","ΝΑΙ","ΠΛΑΣΤΙΚΑ","Μία μαύρη σακούλα ανακυκλώσιμων απορριμμάτων (των 50 λίτρων)","ΝΑΙ","Δεν γνωρίζω","ΚΑΘΟΛΟΥ","ΟΧΙ","ΠΕΡΙΣΣΟΤΕΡΟΙ ΚΑΔΟΙ-ΑΝΤΑΠΟΔΟΤΙΚΗ ΑΝΑΚΥΚΛΩΣΗ","ΚΑΘΟΛΟΥ","ΚΑΘΟΛΟΥ","ΛΙΓΟ","ΛΙΓΟ","ΑΡΚΕΤΑ","ΚΑΘΟΛΟΥ","ΚΑΘΟΛΟΥ","ΑΡΚΕΤΑ","ΑΡΚΕΤΑ","ΚΑΘΟΛΟΥ","ΝΑΙ","ΛΙΓΟ","ΠΟΛΥ","ΛΙΓΟ","ΑΡΚΕΤΑ","ΑΡΚΕΤΑ","ΑΡΚΕΤΑ","ΑΡΚΕΤΑ","ΑΡΚΕΤΑ","ΠΟΛΥ","ΠΟΛΥ","ΠΟΛΥ","ΠΟΛΥ","ΠΟΛΥ","ΠΟΛΥ","ΠΟΛΥ","ΠΟΛΥ","ΠΟΛΥ","ΠΟΛΥ","ΠΟΛΥ","ΠΟΛΥ","ΛΙΓΟ","ΠΑΡΑ ΠΟΛΥ","ΠΟΛΥ","ΠΟΛΥ ΛΙΓΟ","ΠΑΡΑ ΠΟΛΥ","ΠΑΡΑ ΠΟΛΥ","ΠΑΡΑ ΠΟΛΥ","ΠΟΛΥ","ΑΡΚΕΤΑ","Μέσω ιστοσελίδας του Δήμου","ΝΑΙ","ΝΑΙ","ΝΑΙ","ΝΑΙ","ΕΝΗΜΕΡΩΣΗ-ΑΝΤΑΠΟΔΟΣΗ"
"2025/09/17 11:15:32 π.μ. EEST","ΝΑΙ","55-70","ΘΗΛΥΚΟ","Απόφοιτος Λυκείου","ΝΑΙ","ΠΛΑΣΤΙΚΑ","Μία μαύρη σακούλα ανακυκλώσιμων απορριμμάτων (των 50 λίτρων)","ΝΑΙ","Δεν γνωρίζω","ΚΑΘΟΛΟΥ","ΟΧΙ","ΑΝΤΑΠΟΔΟΣΗ - ΕΝΗΜΕΡΩΣΗ","ΚΑΘΟΛΟΥ","ΚΑΘΟΛΟΥ","ΚΑΘΟΛΟΥ","ΑΡΚΕΤΑ","ΑΡΚΕΤΑ","ΑΡΚΕΤΑ","ΚΑΘΟΛΟΥ","ΑΡΚΕΤΑ","ΑΡΚΕΤΑ","ΚΑΘΟΛΟΥ","ΝΑΙ","ΑΡΚΕΤΑ","ΠΟΛΥ","ΑΡΚΕΤΑ","ΑΡΚΕΤΑ","ΑΡΚΕΤΑ","ΑΡΚΕΤΑ","ΑΡΚΕΤΑ","ΛΙΓΟ","ΠΑΡΑ ΠΟΛΥ","ΠΑΡΑ ΠΟΛΥ","ΠΑΡΑ ΠΟΛΥ","ΠΑΡΑ ΠΟΛΥ","ΠΑΡΑ ΠΟΛΥ","ΠΟΛΥ","ΠΟΛΥ","ΠΟΛΥ","ΠΑΡΑ ΠΟΛΥ","ΠΟΛΥ","ΠΑΡΑ ΠΟΛΥ","ΠΟΛΥ","ΠΟΛΥ ΛΙΓΟ","ΠΑΡΑ ΠΟΛΥ","ΠΑΡΑ ΠΟΛΥ","ΚΑΘΟΛΟΥ","ΠΑΡΑ ΠΟΛΥ","ΠΑΡΑ ΠΟΛΥ","ΠΑΡΑ ΠΟΛΥ","ΑΡΚΕΤΑ","ΛΙΓΟ","Μέσω ιστοσελίδας του Δήμου","ΝΑΙ","ΝΑΙ","ΝΑΙ","ΝΑΙ","ΕΝΗΜΕΡΩΣΗ - ΑΝΤΑΠΟΔΟΣΗ"
"2025/09/17 12:04:57 μ.μ. EEST","ΝΑΙ","47-54","ΘΗΛΥΚΟ","Απόφοιτος ΑΕΙ/ΤΕΙ","ΝΑΙ","ΠΛΑΣΤΙΚΑ","Μία μαύρη σακούλα ανακυκλώσιμων απορριμμάτων (των 50 λίτρων)","ΝΑΙ","Δεν γνωρίζω","ΛΙΓΟ","ΟΧΙ","ΠΕΡΙΣΣΟΤΕΡΟΥΣ ΚΑΔΟΥΣ ΑΝΑΚΥΚΛΩΣΗΣ - ΠΙΟ ΣΥΧΝΑ ΔΡΟΜΟΛΟΓΙΑ","ΚΑΘΟΛΟΥ","ΑΡΚΕΤΑ","ΚΑΘΟΛΟΥ","ΑΡΚΕΤΑ","ΛΙΓΟ","ΛΙΓΟ","ΚΑΘΟΛΟΥ","ΑΡΚΕΤΑ","ΚΑΘΟΛΟΥ","ΛΙΓΟ","ΝΑΙ","ΠΟΛΥ","ΠΟΛΥ","ΠΟΛΥ","ΑΡΚΕΤΑ","ΑΡΚΕΤΑ","ΑΡΚΕΤΑ","ΑΡΚΕΤΑ","ΑΡΚΕΤΑ","ΠΟΛΥ","ΠΟΛΥ","ΠΟΛΥ","ΠΟΛΥ","ΠΟΛΥ","ΑΡΚΕΤΑ","ΑΡΚΕΤΑ","ΑΡΚΕΤΑ","ΑΡΚΕΤΑ","ΑΡΚΕΤΑ","ΑΡΚΕΤΑ","ΑΡΚΕΤΑ","ΑΡΚΕΤΑ","ΑΡΚΕΤΑ","ΛΙΓΟ","ΛΙΓΟ","ΠΟΛΥ","ΚΑΘΟΛΟΥ","ΛΙΓΟ","ΑΡΚΕΤΑ","ΛΙΓΟ","Μέσω ενημερωτικών φυλλαδίων","ΝΑΙ","ΟΧΙ","ΟΧΙ","ΝΑΙ","ΑΝΤΑΠΟΔΟΤΙΚΑ ΟΦΕΛΗ"
"2025/09/17 12:08:33 μ.μ. EEST","ΝΑΙ","55-70","ΘΗΛΥΚΟ","Μεταπτυχιακές Σπουδές","ΝΑΙ","ΓΥΑΛΙΝΑ ΜΠΟΥΚΑΛΙΑ","Πολλές μαύρες σακούλες ανακυκλώσιμων απορριμμάτων (των 50 λίτρων η καθεμία)","ΝΑΙ","Κάθε δύο μέρες","ΑΡΚΕΤΑ","ΟΧΙ","ΝΑ ΤΟΠΟΘΕΤΟΥΣΕ ΠΕΡΙΣΣΟΤΕΡΟΥΣ ΚΑΔΟΥΣ ΑΝΑ ΓΕΙΤΟΝΙΑ ","ΚΑΘΟΛΟΥ","ΚΑΘΟΛΟΥ","ΚΑΘΟΛΟΥ","ΠΟΛΥ","ΠΟΛΥ","ΚΑΘΟΛΟΥ","ΚΑΘΟΛΟΥ","ΠΟΛΥ","ΠΟΛΥ","ΛΙΓΟ","ΝΑΙ","ΠΟΛΥ","ΠΟΛΥ","ΑΡΚΕΤΑ","ΑΡΚΕΤΑ","ΑΡΚΕΤΑ","ΑΡΚΕΤΑ","ΑΡΚΕΤΑ","ΑΡΚΕΤΑ","ΠΑΡΑ ΠΟΛΥ","ΠΑΡΑ ΠΟΛΥ","ΠΑΡΑ ΠΟΛΥ","ΠΑΡΑ ΠΟΛΥ","ΠΑΡΑ ΠΟΛΥ","ΠΟΛΥ","ΠΑΡΑ ΠΟΛΥ","ΑΡΚΕΤΑ","ΠΟΛΥ","ΑΡΚΕΤΑ","ΠΟΛΥ","ΠΟΛΥ","ΛΙΓΟ","ΠΟΛΥ ΛΙΓΟ","ΠΟΛΥ ΛΙΓΟ","ΠΟΛΥ ΛΙΓΟ","ΠΑΡΑ ΠΟΛΥ","ΠΟΛΥ ΛΙΓΟ","ΠΑΡΑ ΠΟΛΥ","ΠΟΛΥ","ΠΟΛΥ","Μέσω ενημερωτικών ημερίδων/σεμιναριών","ΝΑΙ","ΝΑΙ","ΟΧΙ","ΝΑΙ","ΝΑ ΓΙΝΟΝΤΑΙ ΗΜΕΡΙΔΕΣ / ΣΕΜΙΝΑΡΙΑ ΚΑΙ ΔΡΑΣΤΗΡΙΟΤΗΤΕΣ ΓΙΑ ΤΟ ΘΕΜΑ ΑΥΤΟ"
"2025/09/17 11:29:28 μ.μ. EEST","ΝΑΙ","55-70","ΑΡΣΕΝΙΚΟ","Μεταπτυχιακές Σπουδές","ΝΑΙ","ΠΛΑΣΤΙΚΑ","Λιγότερο από 1 μαύρη σακούλα ανακυκλώσιμων απορριμμάτων (των 50λίτρων)","ΝΑΙ","Καθε μέρα","ΠΟΛΥ","ΝΑΙ","ΕΝΗΜΕΡΩΣΗ","ΑΡΚΕΤΑ","ΛΙΓΟ","ΑΡΚΕΤΑ","ΠΟΛΥ","ΑΡΚΕΤΑ","ΛΙΓΟ","ΛΙΓΟ","ΑΡΚΕΤΑ","ΑΡΚΕΤΑ","ΛΙΓΟ","ΟΧΙ","ΠΟΛΥ","ΑΡΚΕΤΑ","ΛΙΓΟ","ΛΙΓΟ","ΛΙΓΟ","ΑΡΚΕΤΑ","ΑΡΚΕΤΑ","ΛΙΓΟ","ΛΙΓΟ","ΑΡΚΕΤΑ","ΛΙΓΟ","ΛΙΓΟ","ΛΙΓΟ","ΛΙΓΟ","ΛΙΓΟ","ΑΡΚΕΤΑ","ΑΡΚΕΤΑ","ΑΡΚΕΤΑ","ΛΙΓΟ","ΛΙΓΟ","ΠΟΛΥ ΛΙΓΟ","ΛΙΓΟ","ΠΟΛΥ ΛΙΓΟ","ΠΟΛΥ ΛΙΓΟ","ΑΡΚΕΤΑ","ΑΡΚΕΤΑ","ΑΡΚΕΤΑ","ΑΡΚΕΤΑ","ΑΡΚΕΤΑ","Μέσω ενημερωτικών φυλλαδίων","ΟΧΙ","ΝΑΙ","ΝΑΙ","ΝΑΙ","ΕΝΗΜΕΡΩΣΗ"
"2025/09/24 12:43:16 μ.μ. EEST","ΝΑΙ","16-20","ΘΗΛΥΚΟ","Μεταπτυχιακές Σπουδές","ΝΑΙ","ΠΛΑΣΤΙΚΑ","Λιγότερο από 1 μαύρη σακούλα ανακυκλώσιμων απορριμμάτων (των 50λίτρων)","ΝΑΙ","Καθε μέρα","ΛΙΓΟ","ΟΧΙ","Με περισσότερους κάδους ανακύκλωσης καθώς και την κατάλληλη ενημέρωση","ΠΟΛΥ","ΚΑΘΟΛΟΥ","ΚΑΘΟΛΟΥ","ΠΟΛΥ","ΠΟΛΥ","ΚΑΘΟΛΟΥ","ΚΑΘΟΛΟΥ","ΠΟΛΥ","ΠΟΛΥ","ΚΑΘΟΛΟΥ","ΟΧΙ","ΑΡΚΕΤΑ","ΠΟΛΥ","ΛΙΓΟ","ΛΙΓΟ","ΛΙΓΟ","ΑΡΚΕΤΑ","ΛΙΓΟ","ΠΟΛΥ","ΠΑΡΑ ΠΟΛΥ","ΠΑΡΑ ΠΟΛΥ","ΠΑΡΑ ΠΟΛΥ","ΠΑΡΑ ΠΟΛΥ","ΠΑΡΑ ΠΟΛΥ","ΠΟΛΥ","ΠΑΡΑ ΠΟΛΥ","ΛΙΓΟ","ΠΑΡΑ ΠΟΛΥ","ΠΑΡΑ ΠΟΛΥ","ΠΑΡΑ ΠΟΛΥ","ΠΑΡΑ ΠΟΛΥ","ΛΙΓΟ","ΛΙΓΟ","ΛΙΓΟ","ΛΙΓΟ","ΠΑΡΑ ΠΟΛΥ","ΚΑΘΟΛΟΥ","ΑΡΚΕΤΑ","ΛΙΓΟ","ΑΡΚΕΤΑ","Μέσω ενημερωτικών ημερίδων/σεμιναριών","ΝΑΙ","ΝΑΙ","ΟΧΙ","ΝΑΙ","Να γίνουν γνώριμες οι επιπτώσεις που έχει και θα έχει ο πλανήτης αν δεν ανακυκλώνουμε"
"2025/10/01 1:11:43 π.μ. EEST","ΝΑΙ","47-54","ΘΗΛΥΚΟ","Απόφοιτος ΑΕΙ/ΤΕΙ","ΝΑΙ","ΠΛΑΣΤΙΚΑ","Λιγότερο από 1 μαύρη σακούλα ανακυκλώσιμων απορριμμάτων (των 50λίτρων)","ΟΧΙ","Δεν γνωρίζω","ΠΟΛΥ","ΟΧΙ","Δίνοντας κίνητρα οικονομικά και κοινωνικά ","ΚΑΘΟΛΟΥ","ΚΑΘΟΛΟΥ","ΚΑΘΟΛΟΥ","ΑΡΚΕΤΑ","ΚΑΘΟΛΟΥ","ΑΡΚΕΤΑ","ΚΑΘΟΛΟΥ","ΚΑΘΟΛΟΥ","ΑΡΚΕΤΑ","ΛΙΓΟ","ΝΑΙ","ΠΟΛΥ","ΠΟΛΥ","ΠΟΛΥ","ΑΡΚΕΤΑ","ΠΟΛΥ","ΑΡΚΕΤΑ","ΑΡΚΕΤΑ","ΠΟΛΥ","ΠΑΡΑ ΠΟΛΥ","ΑΡΚΕΤΑ","ΠΟΛΥ","ΠΟΛΥ","ΠΟΛΥ","ΠΟΛΥ","ΑΡΚΕΤΑ","ΑΡΚΕΤΑ","ΠΟΛΥ","ΠΟΛΥ","ΑΡΚΕΤΑ","ΠΟΛΥ","ΠΟΛΥ ΛΙΓΟ","ΠΑΡΑ ΠΟΛΥ","ΠΑΡΑ ΠΟΛΥ","ΚΑΘΟΛΟΥ","ΑΡΚΕΤΑ","ΚΑΘΟΛΟΥ","ΠΟΛΥ ΛΙΓΟ","ΑΡΚΕΤΑ","ΠΑΡΑ ΠΟΛΥ","Διοργάνωση βιωματικών δράσεων Δήμου - Συλλόγων","ΝΑΙ","ΟΧΙ","ΟΧΙ","ΝΑΙ","Κίνητρα "
"2025/10/04 9:21:04 π.μ. EEST","ΝΑΙ","55-70","ΑΡΣΕΝΙΚΟ","Απόφοιτος ΑΕΙ/ΤΕΙ","ΝΑΙ","ΡΟΥΧΙΣΜΟΣ -ΥΠΟΔΗΣΗ","Λιγότερο από 1 μαύρη σακούλα ανακυκλώσιμων απορριμμάτων (των 50λίτρων)","ΝΑΙ","Δεν γνωρίζω","ΚΑΘΟΛΟΥ","ΟΧΙ","","ΚΑΘΟΛΟΥ","ΚΑΘΟΛΟΥ","ΚΑΘΟΛΟΥ","ΠΟΛΥ","ΚΑΘΟΛΟΥ","ΚΑΘΟΛΟΥ","ΚΑΘΟΛΟΥ","ΚΑΘΟΛΟΥ","ΚΑΘΟΛΟΥ","ΚΑΘΟΛΟΥ","ΝΑΙ","ΠΑΡΑ ΠΟΛΥ","ΠΑΡΑ ΠΟΛΥ","ΠΑΡΑ ΠΟΛΥ","ΑΡΚΕΤΑ","ΑΡΚΕΤΑ","ΑΡΚΕΤΑ","ΑΡΚΕΤΑ","ΠΑΡΑ ΠΟΛΥ","ΠΟΛΥ","ΠΟΛΥ","ΠΟΛΥ","ΠΟΛΥ","ΠΟΛΥ","ΠΟΛΥ","ΠΑΡΑ ΠΟΛΥ","ΠΑΡΑ ΠΟΛΥ","ΠΟΛΥ","ΠΟΛΥ","ΠΑΡΑ ΠΟΛΥ","ΠΟΛΥ","ΠΟΛΥ ΛΙΓΟ","ΠΟΛΥ ΛΙΓΟ","ΑΡΚΕΤΑ","ΚΑΘΟΛΟΥ","ΛΙΓΟ","ΚΑΘΟΛΟΥ","ΠΟΛΥ ΛΙΓΟ","ΠΟΛΥ ΛΙΓΟ","ΠΟΛΥ ΛΙΓΟ","Διοργάνωση βιωματικών δράσεων Δήμου - Συλλόγων","ΝΑΙ","ΝΑΙ","ΝΑΙ","ΝΑΙ",""
"2025/11/05 6:26:11 μ.μ. EET","ΝΑΙ","47-54","ΑΡΣΕΝΙΚΟ","Απόφοιτος ΑΕΙ/ΤΕΙ","ΝΑΙ","ΠΛΑΣΤΙΚΑ","Λιγότερο από 1 μαύρη σακούλα ανακυκλώσιμων απορριμμάτων (των 50λίτρων)","ΝΑΙ","Δεν γνωρίζω","ΛΙΓΟ","ΟΧΙ","Ενημερωση","ΑΡΚΕΤΑ","ΑΡΚΕΤΑ","ΑΡΚΕΤΑ","ΑΡΚΕΤΑ","ΑΡΚΕΤΑ","ΑΡΚΕΤΑ","ΑΡΚΕΤΑ","ΑΡΚΕΤΑ","ΑΡΚΕΤΑ","ΑΡΚΕΤΑ","ΝΑΙ","ΠΑΡΑ ΠΟΛΥ","ΠΑΡΑ ΠΟΛΥ","ΠΑΡΑ ΠΟΛΥ","ΠΑΡΑ ΠΟΛΥ","ΠΑΡΑ ΠΟΛΥ","ΠΑΡΑ ΠΟΛΥ","ΠΑΡΑ ΠΟΛΥ","ΠΑΡΑ ΠΟΛΥ","ΠΑΡΑ ΠΟΛΥ","ΠΑΡΑ ΠΟΛΥ","ΠΑΡΑ ΠΟΛΥ","ΠΑΡΑ ΠΟΛΥ","ΠΑΡΑ ΠΟΛΥ","ΠΑΡΑ ΠΟΛΥ","ΠΟΛΥ","ΛΙΓΟ","ΠΑΡΑ ΠΟΛΥ","ΠΑΡΑ ΠΟΛΥ","ΠΑΡΑ ΠΟΛΥ","ΠΑΡΑ ΠΟΛΥ","ΛΙΓΟ","ΠΑΡΑ ΠΟΛΥ","ΠΑΡΑ ΠΟΛΥ","ΠΟΛΥ","ΠΟΛΥ","ΠΟΛΥ ΛΙΓΟ","ΠΟΛΥ","ΛΙΓΟ","ΠΟΛΥ","Διοργάνωση βιωματικών δράσεων Δήμου - Συλλόγων","ΝΑΙ","ΝΑΙ","ΝΑΙ","ΝΑΙ","Δράσεις"